symbol,search_terms
MMM,3MS|MMM|3Ms|3ms|MMMs|3M|$MMMs|3m|$MMM
AOS,AO SMITHS|AOS|a o smith|AO Smiths|A.O. Smiths|a. o. smith|A. O. Smith|A. O. SMITH|A O SMITHS|a.o. smiths|A O Smith|A. O. Smiths|ao smith|ao smiths|A. O. SMITHS|A O SMITH|A.O. Smith|a. o. smiths|A.O. SMITHS|$AOS|AOSs|A O Smiths|$AOSs|a.o. smith|A.O. SMITH|a o smiths|AO Smith|AO SMITH
ABT,ABTs|$ABT|ABBOTT LABORATORIES|abbott laboratories|Abbott Laboratories|ABT|$ABTs
ABBV,$ABBVs|AbbVies|ABBVIES|AbbVie|$ABBV|abbvies|ABBVs|abbvie|ABBVIE|ABBV
ACN,$ACNs|ACN|accenture|ACNs|$ACN|Accenture|accentures|ACCENTURE|ACCENTURES|Accentures
ADBE,adobe|adobe inc.s|ADBE|adobes|Adobe Inc.|Adobes|$ADBEs|ADOBE INC.|Adobe Inc.s|Adobe|ADOBE|$ADBE|ADOBE INC.S|ADOBES|adobe inc.|ADBEs
AMD,$AMDs|AMDs|amd|AMD|AMDS|advanced micro devices|$AMD|ADVANCED MICRO DEVICES|amds|Advanced Micro Devices
AES,AES Corporations|aes corporations|AESS|AES CORPORATIONS|aess|AES Corporation|AESs|$AESs|AES CORPORATION|$AES|aes|aes corporation|AES
AFL,AFLs|Aflacs|AFL|aflac|aflacs|Aflac|AFLACS|$AFL|AFLAC|$AFLs
A,AGILENT TECHNOLOGIES|AGILENTS|As|A|$As|agilents|AGILENT|Agilent|agilent|agilent technologies|Agilent Technologies|Agilents|$A
APD,$APD|air products|Air Products|AIR PRODUCTS|APDs|APD|$APDs
ABNB,airbnb|AIRBNB|Airbnb|$ABNB|airbnbs|AIRBNBS|$ABNBs|ABNB|ABNBs|Airbnbs
AKAM,Akamai|$AKAMs|AKAM|akamais|AKAMAI TECHNOLOGIES|AKAMAI|AKAMAIS|$AKAM|akamai|akamai technologies|Akamais|AKAMs|Akamai Technologies
ALB,Albemarle Corporations|$ALBs|albemarle corporations|ALBEMARLES|ALB|albemarle|Albemarle|ALBEMARLE|ALBs|$ALB|Albemarles|ALBEMARLE CORPORATIONS|Albemarle Corporation|ALBEMARLE CORPORATION|albemarle corporation|albemarles
ARE,Alexandria Real Estate Equities|AREs|ALEXANDRIA REAL ESTATES|alexandria real estates|ARE|Alexandria Real Estates|ALEXANDRIA REAL ESTATE|alexandria real estate|$ARE|$AREs|alexandria real estate equities|ALEXANDRIA REAL ESTATE EQUITIES|Alexandria Real Estate
ALGN,ALIGN TECHNOLOGYS|align technologys|align technology|$ALGN|Align Technology|Align Technologys|ALIGN TECHNOLOGY|ALGN|ALGNs|$ALGNs
ALLE,$ALLEs|$ALLE|Allegion|ALLEs|allegion|ALLEGION|ALLE|ALLEGIONS|allegions|Allegions
LNT,ALLIANT ENERGY|LNT|ALLIANT ENERGYS|$LNTs|alliant energy|Alliant Energys|$LNT|Alliant Energy|alliant energys|LNTs
ALL,ALLSTATES|ALL|ALLs|allstates|Allstate|ALLSTATE|Allstates|$ALLs|allstate|$ALL
GOOGL,ALPHABET INC. (CLASS A)|$GOOGLs|Alphabet Inc. (Class A)|alphabet inc. (class a)s|Google|Alphabet|GOOGL|ALPHABET INC. (CLASS A)S|google|alphabet|GOOGLES|GOOGLs|Alphabet Inc. (Class A)s|Googles|GOOGLE|Alphabets|ALPHABET|googles|alphabet inc. (class a)|alphabets|ALPHABETS|$GOOGL
GOOG,alphabet inc. (class c)|Google|Alphabet|google|alphabet|$GOOG|ALPHABET INC. (CLASS C)S|GOOG|Googles|GOOGLE|$GOOGs|Alphabets|ALPHABET|ALPHABET INC. (CLASS C)|Alphabet Inc. (Class C)|googles|Alphabet Inc. (Class C)s|alphabet inc. (class c)s|alphabets|ALPHABETS|GOOGs|GOOGLES
MO,$MOs|altria|Altria|MOs|altrias|MO|Altrias|$MO|ALTRIA|ALTRIAS
AMZN,AMAZON|Amazons|amazon|$AMZN|Amazon|AMAZONS|AMZN|amazons|AMZNs|$AMZNs
AMCR,Amcor|$AMCRs|AMCRs|AMCOR|AMCORS|AMCR|amcor|Amcors|$AMCR|amcors
AMTM,$AMTMs|AMENTUM|AMTM|AMTMs|Amentums|amentums|amentum|Amentum|$AMTM|AMENTUMS
AEE,$AEEs|ameren|AEEs|amerens|AMERENS|AMEREN|AEE|Ameren|Amerens|$AEE
AEP,American Electric Power|american electric power|AMERICAN ELECTRIC POWER|american electric powers|AMERICAN ELECTRIC POWERS|AEP|$AEP|$AEPs|AEPs|American Electric Powers
AXP,American Express|american express|AMERICAN EXPRESS|$AXP|AXP|$AXPs|AXPs
AIG,American International Group|AIG|American Internationals|$AIGs|$AIG|AMERICAN INTERNATIONALS|american internationals|AIGs|American International Groups|AMERICAN INTERNATIONAL GROUPS|american international groups|american international|AMERICAN INTERNATIONAL|AMERICAN INTERNATIONAL GROUP|American International|american international group
AMT,american tower|AMT|American Tower|AMERICAN TOWER|$AMTs|AMERICAN TOWERS|$AMT|american towers|AMTs|American Towers
AWK,$AWKs|AWK|american water works|AWKs|AMERICAN WATER WORKS|American Water Works|$AWK
AMP,ameriprise financial|AMERIPRISE FINANCIALS|AMERIPRISE FINANCIAL|$AMPs|AMPs|ameriprise financials|Ameriprise Financial|Ameriprise Financials|AMP|$AMP
AME,$AME|ameteks|AME|$AMEs|AMETEK|Ameteks|ametek|AMEs|AMETEKS|Ametek
AMGN,amgens|$AMGN|$AMGNs|AMGEN|AMGNs|Amgen|AMGN|AMGENS|amgen|Amgens
APH,$APH|APH|amphenol|amphenols|$APHs|Amphenols|APHs|Amphenol|AMPHENOLS|AMPHENOL
ADI,ADI|ADIs|$ADI|$ADIs|Analog Devices|analog devices|ANALOG DEVICES
ANSS,$ANSSs|ANSYS|ANSSs|Ansys|ansys|$ANSS|ANSS
AON,AONs|Aons|$AON|$AONs|AONS|aon|Aon|aons|AON
APA,apas|$APA|APAs|apa|APA CORPORATION|APA Corporations|apa corporation|$APAs|APAS|APA|APA CORPORATIONS|APA Corporation|apa corporations
AAPL,APPLE|Apples|Apple Inc.|apples|apple|Apple|apple inc.|APPLES|Apple Inc.s|$AAPL|AAPLs|APPLE INC.|APPLE INC.S|$AAPLs|AAPL|apple inc.s
AMAT,$AMAT|Applied Materials|APPLIED MATERIALS|AMATs|AMAT|applied materials|$AMATs
APTV,APTVs|Aptivs|Aptiv|$APTVs|APTIVS|APTIV|aptivs|aptiv|APTV|$APTV
ACGL,ARCH CAPITAL|$ACGL|$ACGLs|ACGL|Arch Capital|Arch Capital Group|ACGLs|Arch Capital Groups|arch capitals|ARCH CAPITALS|Arch Capitals|arch capital group|arch capital|arch capital groups|ARCH CAPITAL GROUPS|ARCH CAPITAL GROUP
ADM,ADMs|Archer Daniels Midland|Archer Daniels Midlands|$ADMs|archer daniels midlands|archer daniels midland|ARCHER DANIELS MIDLAND|ARCHER DANIELS MIDLANDS|ADM|$ADM
ANET,ANET|$ANET|$ANETs|ANETs|Arista Networks|ARISTA NETWORKS|arista networks
AJG,Arthur J. Gallagher & Co.s|Arthur J. Gallagher & Co.|arthur j gallagher|ARTHUR J GALLAGHERS|arthur j gallaghers|$AJGs|$AJG|arthur j. gallagher & co.|ARTHUR J. GALLAGHER & CO.S|ARTHUR J GALLAGHER|Arthur J Gallaghers|arthur j. gallagher & co.s|AJGs|Arthur J Gallagher|AJG|ARTHUR J. GALLAGHER & CO.
AIZ,Assurants|Assurant|$AIZ|AIZ|ASSURANTS|$AIZs|assurant|AIZs|ASSURANT|assurants
T,Ts|$Ts|at&ts|$T|T|at&t|AT&TS|AT&Ts|AT&T
ATO,atmos energys|ATMOS|ATMOS ENERGYS|ATOs|Atmos Energy|ATMOS ENERGY|Atmos|$ATOs|ATO|atmos|$ATO|atmos energy|Atmos Energys
ADSK,$ADSKs|AUTODESK|ADSKs|$ADSK|autodesk|autodesks|AUTODESKS|ADSK|Autodesks|Autodesk
ADP,automatic data processings|$ADPs|Automatic Data Processings|automatic data processing|ADPs|ADP|AUTOMATIC DATA PROCESSING|$ADP|Automatic Data Processing|AUTOMATIC DATA PROCESSINGS
AZO,$AZO|AutoZone|AZO|AUTOZONES|autozone|AUTOZONE|AutoZones|autozones|AZOs|$AZOs
AVB,avalonbays|AVALONBAYS|avalonbay|AvalonBay|AVB|AvalonBay Communities|AVALONBAY COMMUNITIES|AvalonBays|avalonbay communities|AVALONBAY|$AVB|$AVBs|AVBs
AVY,AVERY DENNISON|$AVYs|$AVY|AVY|AVYs|avery dennison|Avery Dennisons|avery dennisons|AVERY DENNISONS|Avery Dennison
AXON,axons|AXON ENTERPRISE|Axon Enterprises|axon enterprise|axon enterprises|axon|Axons|Axon Enterprise|AXONS|$AXONs|AXON ENTERPRISES|AXONs|AXON|Axon|$AXON
BKR,BKR|$BKRs|Baker Hughes|BAKER HUGHES|baker hughes|$BKR|BKRs
BALL,BALL|BALLs|$BALL|$BALLs|Ball Corporation|ball corporation|BALL CORPORATION|Ball Corporations|ball corporations|BALL CORPORATIONS
BAC,Bank of Americas|BANK OF AMERICA|BANK OF AMERICAS|BAC|Bank of America|bofas|$BACs|BofAs|BofA|bank of americas|BOFA|BOFAS|bank of america|$BAC|bofa|BACs
BAX,BAXTER INTERNATIONAL|BAXTER INTERNATIONALS|$BAX|$BAXs|BAXs|baxter international|BAX|Baxter International|Baxter Internationals|baxter internationals
BDX,BECTON DICKINSONS|$BDX|BECTON DICKINSON|BDXs|becton dickinson|Becton Dickinson|$BDXs|BDX|Becton Dickinsons|becton dickinsons
BRK.B,Berkshire Hathaways|BERKSHIRES|berkshire|BERKSHIRE|$BRK.B|Berkshire|BRK.Bs|berkshire hathaway|BERKSHIRE HATHAWAYS|berkshires|Berkshires|Berkshire Hathaway|$BRK.Bs|BRK.B|BERKSHIRE HATHAWAY|berkshire hathaways
BBY,best buys|Best Buy|best buy|$BBY|BEST BUY|BBYs|BEST BUYS|BBY|$BBYs|Best Buys
TECH,$TECHs|TECHs|bio techne|bio technes|BIO-TECHNE|TECH|bio-techne|BIO-TECHNES|Bio Techne|Bio Technes|$TECH|BIO TECHNES|Bio-Technes|bio-technes|Bio-Techne|BIO TECHNE
BIIB,BIIB|Biogen|$BIIBs|biogen|BIOGEN|$BIIB|Biogens|biogens|BIOGENS|BIIBs
BLK,BlackRock|$BLKs|BLACKROCKS|blackrocks|BLKs|blackrock|$BLK|BLACKROCK|BlackRocks|BLK
BX,BLACKSTONE INC.S|blackstones|BXs|Blackstone Inc.|blackstone|BLACKSTONE|BX|blackstone inc.|Blackstones|BLACKSTONES|BLACKSTONE INC.|$BXs|$BX|blackstone inc.s|Blackstone Inc.s|Blackstone
BK,BNY Mellons|bny mellons|BNY Mellon|$BK|bny mellon|BNY MELLON|BKs|$BKs|BNY MELLONS|BK
BA,Boeing|$BAs|boeings|BOEINGS|BAs|BA|$BA|Boeings|BOEING|boeing
BKNG,$BKNG|Booking.com|BOOKING HOLDINGS|Booking.coms|BOOKING.COM|BKNG|BKNGs|$BKNGs|Booking Holdings|BOOKING.COMS|booking.com|booking.coms|booking holdings
BWA,BWA|$BWAs|BORGWARNER|BORGWARNERS|$BWA|BWAs|BorgWarner|borgwarners|BorgWarners|borgwarner
BSX,Boston Scientific|BSXs|$BSX|Boston Scientifics|BOSTON SCIENTIFICS|boston scientifics|BOSTON SCIENTIFIC|BSX|boston scientific|$BSXs
BMY,Bristol Myers Squibb|BRISTOL MYERS SQUIBBS|Bristol Myers Squibbs|BMYs|BRISTOL MYERS SQUIBB|bristol myers squibbs|$BMYs|bristol myers squibb|$BMY|BMY
AVGO,$AVGO|AVGO|$AVGOs|Broadcom|broadcom|BROADCOM|broadcoms|Broadcoms|AVGOs|BROADCOMS
BR,$BR|$BRs|BROADRIDGE FINANCIAL SOLUTIONS|Broadridge Financial Solutions|broadridge financial solutions|BRs|BR
BRO,BROs|BROWN & BROWNS|BRO|brown & brown|Brown & Browns|brown & browns|$BROs|BROWN & BROWN|$BRO|Brown & Brown
BF.B,BF.B|brown–formans|BROWN–FORMANS|Brown–Forman|Brown–Formans|brown forman|$BF.Bs|BROWN FORMAN|brown–forman|brown formans|BROWN FORMANS|Brown Forman|$BF.B|BF.Bs|Brown Formans|BROWN–FORMAN
BLDR,$BLDR|BLDRs|builders firstsources|BUILDERS FIRSTSOURCES|BLDR|Builders FirstSource|BUILDERS FIRSTSOURCE|Builders FirstSources|builders firstsource|$BLDRs
BG,BUNGE GLOBALS|BUNGE GLOBAL|BGs|Bunge Global|bunge global|bunge globals|$BG|BG|$BGs|Bunge Globals
BXP,"BXP|bxp|bxps|bxp, inc.|$BXPs|$BXP|BXP, Inc.|BXP, INC.S|BXP, Inc.s|BXPs|bxp, inc.s|BXP, INC.|BXPS"
CHRW,CHRW|$CHRWs|C.H. Robinsons|C.H. ROBINSONS|c.h. robinsons|$CHRW|CHRWs|C.H. Robinson|C.H. ROBINSON|c.h. robinson
CDNS,CDNS|$CDNS|$CDNSs|CADENCE DESIGN SYSTEMS|cadence design systems|Cadence Design Systems|CDNSs
CZR,CZRs|caesars entertainments|CAESARS ENTERTAINMENT|CAESARS ENTERTAINMENTS|Caesars Entertainments|$CZRs|Caesars Entertainment|$CZR|caesars entertainment|CZR
CPT,camden property trusts|$CPT|$CPTs|Camden Property Trusts|Camden Property Trust|CAMDEN PROPERTY TRUST|camden property trust|CPTs|CAMDEN PROPERTY TRUSTS|CPT
CPB,campbell soups|campbell soup|CAMPBELL SOUP COMPANY|CAMPBELL SOUP COMPANYS|CAMPBELL SOUP|$CPBs|Campbell Soups|CAMPBELL SOUPS|CPB|campbell soup company|CPBs|$CPB|Campbell Soup|Campbell Soup Companys|campbell soup companys|Campbell Soup Company
COF,COFs|COF|$COF|CAPITAL ONE|capital ones|Capital One|$COFs|capital one|Capital Ones|CAPITAL ONES
CAH,cardinal healths|CARDINAL HEALTHS|$CAHs|$CAH|Cardinal Health|CAH|cardinal health|Cardinal Healths|CARDINAL HEALTH|CAHs
KMX,carmax|KMXs|$KMXs|KMX|CarMax|CARMAXS|CARMAX|$KMX|carmaxs|CarMaxs
CCL,Carnivals|$CCL|Carnival|CCLs|$CCLs|CCL|CARNIVAL|carnivals|carnival|CARNIVALS
CARR,CARRs|$CARRs|Carrier Globals|CARR|$CARR|carrier globals|Carrier Global|CARRIER GLOBALS|carrier global|CARRIER GLOBAL
CAT,CATERPILLARS|CATERPILLAR INC.|caterpillar inc.|Caterpillar|CATs|$CAT|Caterpillar Inc.s|CATERPILLAR|CAT|caterpillars|caterpillar|Caterpillars|caterpillar inc.s|$CATs|CATERPILLAR INC.S|Caterpillar Inc.
CBOE,cboe global markets|CBOE|cboe|cboes|CBOES|Cboe Global Markets|$CBOEs|$CBOE|Cboes|CBOEs|Cboe|CBOE GLOBAL MARKETS
CBRE,cbre|cbre group|$CBRE|CBRE|CBREs|$CBREs|CBRE Group|CBRES|CBRE GROUPS|cbres|cbre groups|CBRE Groups|CBRE GROUP
CDW,CDW|cdw|CDWS|CDWs|$CDW|$CDWs|cdws
CE,celanese|CEs|CELANESES|celaneses|CE|Celaneses|$CEs|Celanese|CELANESE|$CE
COR,cencora|$COR|COR|CENCORAS|cencoras|Cencora|Cencoras|$CORs|CENCORA|CORs
CNC,$CNC|centene corporation|CENTENES|CENTENE CORPORATION|centene|Centene|centenes|Centene Corporations|Centenes|CENTENE|Centene Corporation|centene corporations|CNCs|CENTENE CORPORATIONS|CNC|$CNCs
CNP,CNPs|centerpoint energy|CenterPoint Energy|CenterPoint|CENTERPOINT|centerpoints|$CNPs|CENTERPOINTS|CNP|centerpoint|CENTERPOINT ENERGYS|CenterPoint Energys|CENTERPOINT ENERGY|centerpoint energys|CenterPoints|$CNP
CF,$CFs|cf industries|$CF|CF INDUSTRIES|CF|CF Industries|CFs
CRL,$CRLs|Charles River Laboratories|CHARLES RIVER LABORATORIES|Charles River|charles river laboratories|CRLs|charles river|CHARLES RIVERS|charles rivers|CRL|Charles Rivers|$CRL|CHARLES RIVER
SCHW,schwab|charles schwab corporations|CHARLES SCHWAB CORPORATIONS|Schwabs|charles schwab corporation|Charles Schwab Corporation|schwabs|$SCHWs|Charles Schwab Corporations|Schwab|$SCHW|SCHWAB|CHARLES SCHWAB CORPORATION|SCHW|SCHWs|SCHWABS
CHTR,CHTR|charter communications|$CHTR|$CHTRs|CHARTER COMMUNICATIONS|Charter Communications|CHTRs
CVX,CHEVRON CORPORATIONS|Chevron Corporation|chevrons|chevron corporations|CHEVRONS|$CVX|CHEVRON|chevron corporation|CHEVRON CORPORATION|$CVXs|Chevrons|Chevron Corporations|CVX|CVXs|chevron|Chevron
CMG,Chipotle Mexican Grills|chipotle mexican grill|chipotle mexican grills|Chipotle|CHIPOTLE MEXICAN GRILLS|chipotle|CHIPOTLES|CMG|CHIPOTLE MEXICAN GRILL|chipotles|$CMG|Chipotles|Chipotle Mexican Grill|CHIPOTLE|$CMGs|CMGs
CB,CHUBB LIMITED|CB|$CB|chubb limiteds|chubbs|chubb limited|CHUBBS|CHUBB LIMITEDS|Chubbs|Chubb|$CBs|chubb|CBs|CHUBB|Chubb Limiteds|Chubb Limited
CHD,Church Dwights|Church & Dwight|$CHD|Church & Dwights|church & dwights|$CHDs|Church Dwight|CHURCH DWIGHT|church dwight|CHURCH & DWIGHT|church dwights|CHURCH DWIGHTS|CHDs|CHURCH & DWIGHTS|church & dwight|CHD
CI,cignas|$CI|$CIs|CI|Cignas|CIGNAS|CIGNA|CIs|Cigna|cigna
CINF,CINFs|cincinnati financial|cincinnati financials|$CINFs|CINCINNATI FINANCIALS|Cincinnati Financials|$CINF|CINF|CINCINNATI FINANCIAL|Cincinnati Financial
CTAS,CINTAS|CTAS|$CTAS|CTASs|$CTASs|Cintas|cintas
CSCO,CISCO|CSCOs|$CSCO|Ciscos|$CSCOs|CSCO|ciscos|cisco|CISCOS|Cisco
C,citigroups|citigroup|Citigroups|Citigroup|CITIGROUPS|$C|CITIGROUP|C|$Cs|Cs
CFG,CFG|Citizens Financial Group|citizens financials|citizens financial group|$CFG|citizens financial groups|CITIZENS FINANCIALS|citizens financial|Citizens Financial Groups|CITIZENS FINANCIAL|CITIZENS FINANCIAL GROUPS|Citizens Financials|CFGs|$CFGs|Citizens Financial|CITIZENS FINANCIAL GROUP
CLX,CLXs|$CLX|CLX|cloroxs|Clorox|$CLXs|clorox|Cloroxs|CLOROXS|CLOROX
CME,cme group|CME Group|CME GROUPS|$CMEs|cme groups|$CME|cmes|cme|CME GROUP|CMES|CME|CMEs|CME Groups
CMS,CMSs|CMS Energy|CMS Energys|$CMSs|CMS ENERGY|$CMS|CMS ENERGYS|CMS|cms energy|cms energys
KO,$KO|KOs|coca cola|Coca Cola|COCA COLAS|KO|coca-cola company (the)s|Coca-Cola Company (The)|COCA-COLA COMPANY (THE)|Coca-Cola Company (The)s|COCA COLA|coca-cola company (the)|coca colas|Coca Colas|COCA-COLA COMPANY (THE)S|$KOs
CTSH,CTSH|$CTSHs|COGNIZANTS|Cognizant|CTSHs|cognizants|Cognizants|COGNIZANT|cognizant|$CTSH
CL,CL|Colgate-Palmolive|Colgate-Palmolives|PALMOLIVE|COLGATE|Colgates|Palmolive|colgates|Colgate|CLs|$CLs|palmolive|colgate-palmolives|$CL|PALMOLIVES|Palmolives|colgate|COLGATES|colgate-palmolive|COLGATE-PALMOLIVES|COLGATE-PALMOLIVE|palmolives
CMCSA,CMCSAs|$CMCSAs|Comcasts|COMCAST|COMCASTS|Comcast|comcast|comcasts|$CMCSA|CMCSA
CAG,conagras|$CAG|CONAGRA BRANDS|Conagra Brands|conagra|CONAGRA|Conagras|conagra brands|CAG|$CAGs|Conagra|CONAGRAS|CAGs
COP,$COPs|ConocoPhillips|CONOCOPHILLIPS|$COP|conocophillips|COP|COPs
ED,CONSOLIDATED EDISONS|$ED|$EDs|consolidated edison|CONSOLIDATED EDISON|Consolidated Edisons|EDs|Consolidated Edison|consolidated edisons|ED
STZ,$STZ|CONSTELLATION BRANDS|constellation brands|STZ|Constellation Brands|STZs|$STZs
CEG,CEGs|constellation energys|Constellation Energys|CONSTELLATION ENERGYS|Constellation Energy|constellation energy|CONSTELLATION ENERGY|CEG|$CEGs|$CEG
COO,COOs|Cooper Companies (The)|cooper companies (the)s|Cooper|$COO|Cooper Companies (The)s|$COOs|cooper|Coopers|COO|COOPER COMPANIES (THE)|coopers|COOPER COMPANIES (THE)S|COOPER|COOPERS|cooper companies (the)
CPRT,COPARTS|COPART|$CPRTs|$CPRT|Copart|coparts|Coparts|copart|CPRTs|CPRT
GLW,CORNINGS|CORNING|GLW|GLWs|Cornings|Corning Inc.s|Corning|corning inc.|CORNING INC.|$GLW|corning inc.s|CORNING INC.S|cornings|corning|$GLWs|Corning Inc.
CPAY,$CPAY|CPAYs|Corpay|Corpays|corpays|$CPAYs|CPAY|corpay|CORPAYS|CORPAY
CTVA,Corteva|corteva|CTVAs|$CTVA|CORTEVAS|$CTVAs|Cortevas|cortevas|CTVA|CORTEVA
CSGP,COSTAR GROUP|CSGPs|CoStar Group|CoStar Groups|COSTARS|costars|costar groups|COSTAR|CSGP|costar group|CoStar|costar|CoStars|$CSGPs|$CSGP|COSTAR GROUPS
COST,costco|Costcos|costcos|COSTs|COSTCO|COST|Costco|$COST|$COSTs|COSTCOS
CTRA,coterras|coterra|CTRA|Coterras|$CTRA|Coterra|$CTRAs|COTERRA|CTRAs|COTERRAS
CRWD,CrowdStrike|CROWDSTRIKES|CRWDs|CRWD|$CRWD|CROWDSTRIKE|$CRWDs|crowdstrike|CrowdStrikes|crowdstrikes
CCI,$CCI|CROWN CASTLE|CCIs|CCI|Crown Castle|crown castle|CROWN CASTLES|$CCIs|crown castles|Crown Castles
CSX,$CSXs|CSXS|CSX Corporation|CSXs|csx corporation|CSX Corporations|csxs|csx|CSX CORPORATIONS|csx corporations|CSX|$CSX|CSX CORPORATION
CMI,CMI|CMIs|$CMIs|CUMMINS|$CMI|Cummins|cummins
CVS,CVS|$CVS|cvs health|$CVSs|CVS Healths|CVS HEALTH|CVSs|CVS Health|CVS HEALTHS|cvs healths
DHR,DANAHER CORPORATION|$DHR|Danaher Corporation|DANAHERS|danaher corporations|danaher|Danaher Corporations|danahers|DHR|DANAHER CORPORATIONS|DANAHER|danaher corporation|DHRs|$DHRs|Danaher|Danahers
DRI,Darden Restaurants|$DRI|DRI|$DRIs|DRIs|darden restaurants|DARDEN RESTAURANTS
DVA,DaVita|$DVAs|DAVITA|DaVitas|DVAs|DVA|davita|DAVITAS|$DVA|davitas
DAY,$DAY|dayforces|DAYs|$DAYs|Dayforce|DAYFORCES|dayforce|DAYFORCE|Dayforces|DAY
DECK,Ugg|deckers|Uggs|DECKs|$DECKs|Deckers|DECKERS|ugg|UGGS|uggs|$DECK|DECK|deckers brands|UGG|Deckers Brands|DECKERS BRANDS
DE,deere & companys|DEERE & COMPANYS|deere|deere & company|DEERES|deeres|DE|Deeres|$DEs|DEERE|Deere|Deere & Company|DEERE & COMPANY|Deere & Companys|$DE|DEs
DELL,$DELLs|Dell Technologies|DELL TECHNOLOGIES|DELL|DELLs|dell technologies|$DELL
DAL,Delta Air Lines|delta airs|$DAL|delta air lines|DELTA AIRS|Delta Airs|DELTA AIR LINES|Delta Air|DELTA AIR|DAL|DALs|delta air|$DALs
DVN,Devon Energy|DEVON ENERGY|DVN|$DVNs|$DVN|DVNs|devon energy|devon energys|Devon Energys|DEVON ENERGYS
DXCM,DEXCOMS|dexcoms|$DXCM|Dexcom|$DXCMs|Dexcoms|dexcom|DXCMs|DEXCOM|DXCM
FANG,FANGs|DIAMONDBACK ENERGY|$FANG|$FANGs|DIAMONDBACK ENERGYS|Diamondback Energys|diamondback energy|diamondback energys|Diamondback Energy|FANG
DLR,Digital Realtys|DLRs|Digital Realty|$DLRs|$DLR|DIGITAL REALTY|DIGITAL REALTYS|DLR|digital realtys|digital realty
DFS,DFSs|DISCOVER FINANCIAL|Discover Financial|$DFS|discover financials|discover financial|$DFSs|DISCOVER FINANCIALS|DFS|Discover Financials
DG,$DGs|dollar general|DG|Dollar General|dollar generals|DOLLAR GENERAL|$DG|DGs|DOLLAR GENERALS|Dollar Generals
DLTR,$DLTR|DLTRs|dollar tree|DOLLAR TREE|dollar trees|Dollar Tree|Dollar Trees|$DLTRs|DOLLAR TREES|DLTR
D,Ds|Dominion Energys|D|Dominion Energy|$D|DOMINION ENERGYS|$Ds|dominion energy|DOMINION ENERGY|dominion energys
DPZ,dominos|DPZs|DOMINOS|$DPZs|domino's|Domino's|DPZ|$DPZ|Dominos|DOMINO'S
DOV,$DOV|DOVs|DOV|Dover Corporation|Dover|DOVER|Dover Corporations|dovers|DOVER CORPORATION|Dovers|dover|dover corporation|DOVERS|dover corporations|DOVER CORPORATIONS|$DOVs
DOW,Dow Inc.|dows|dow inc.s|DOW INC.S|DOWS|DOW|dow inc.|Dow|DOWs|Dows|dow|$DOW|Dow Inc.s|$DOWs|DOW INC.
DHI,d. r. hortons|DHI|D R HORTON|D R Hortons|d r hortons|D R HORTONS|$DHIs|DHIs|D. R. Horton|$DHI|D. R. HORTON|d r horton|D R Horton|D. R. Hortons|d. r. horton|D. R. HORTONS
DTE,DTE|$DTEs|DTE ENERGY|DTE Energys|dte energys|DTE Energy|dte energy|$DTE|DTE ENERGYS|DTEs
DUK,duke energys|DUK|DUKE ENERGY|DUKs|$DUK|Duke Energys|duke energy|DUKE ENERGYS|Duke Energy|$DUKs
DD,DuPonts|$DDs|$DD|DUPONT|duponts|DDs|DuPont|DUPONTS|DD|dupont
EMN,Eastman Chemical|eastman chemical companys|Eastman Chemicals|EASTMAN CHEMICALS|eastman chemicals|$EMNs|Eastman Chemical Company|eastman chemical company|EASTMAN CHEMICAL COMPANY|Eastman Chemical Companys|eastman chemical|EMNs|EASTMAN CHEMICAL|EMN|EASTMAN CHEMICAL COMPANYS|$EMN
ETN,$ETNs|ETN|Eatons|ETNs|Eaton Corporation|EATON|eaton corporation|eaton corporations|Eaton|eatons|EATON CORPORATIONS|EATON CORPORATION|eaton|EATONS|Eaton Corporations|$ETN
EBAY,$EBAYs|EBAYs|eBays|EBAY|$EBAY|eBay|EBAYS|ebay|ebays
ECL,$ECLs|$ECL|ECOLAB|Ecolabs|ecolabs|ECL|Ecolab|ECLs|ecolab|ECOLABS
EIX,edison internationals|EIX|EDISON INTERNATIONALS|edison international|EIXs|$EIXs|Edison International|Edison Internationals|$EIX|EDISON INTERNATIONAL
EW,$EW|$EWs|EDWARDS LIFESCIENCES|Edwards Lifesciences|edwards lifesciences|EW|EWs
EA,Electronic Arts|$EAs|electronic arts|ELECTRONIC ARTS|$EA|EAs|EA
ELV,ELEVANCE HEALTHS|ELV|elevance health|$ELV|Elevance Healths|ELVs|$ELVs|ELEVANCE HEALTH|elevance healths|Elevance Health
EMR,Emerson Electric|Emerson Electrics|$EMRs|EMERSON ELECTRIC|EMRs|emerson electrics|EMR|emerson electric|EMERSON ELECTRICS|$EMR
ENPH,enphase energys|$ENPHs|Enphase Energy|enphase energy|ENPHASE ENERGY|ENPH|ENPHASE ENERGYS|$ENPH|ENPHs|Enphase Energys
ETR,entergy|$ETRs|$ETR|ENTERGY|Entergy|entergys|ETRs|Entergys|ENTERGYS|ETR
EOG,$EOGs|EOG Resources|EOGs|EOG RESOURCES|eog resources|$EOG|EOG
EPAM,epam systems|EPAM|EPAM Systems|EPAM SYSTEMS|$EPAM|EPAMs|$EPAMs
EQT,$EQTs|EQT Corporations|eqts|$EQT|EQTS|eqt|EQT CORPORATION|EQT|EQT CORPORATIONS|EQTs|EQT Corporation|eqt corporation|eqt corporations
EFX,$EFX|EFX|Equifax|$EFXs|equifax|Equifaxs|equifaxs|EQUIFAX|EFXs|EQUIFAXS
EQIX,EQIXs|$EQIXs|Equinix|EQUINIX|EQUINIXS|equinixs|EQIX|$EQIX|equinix|Equinixs
EQR,EQR|EQUITY RESIDENTIALS|equity residentials|Equity Residential|$EQR|EQUITY RESIDENTIAL|equity residential|EQRs|Equity Residentials|$EQRs
ERIE,Erie Indemnitys|ERIEs|ERIE INDEMNITY|$ERIE|ERIE|Erie Indemnity|erie indemnitys|ERIE INDEMNITYS|$ERIEs|erie indemnity
ESS,Essex Property Trust|essex property trusts|ESSEX PROPERTY TRUST|ESSEX PROPERTY TRUSTS|ESS|Essex Property Trusts|essex property trust|ESSs|$ESSs|$ESS
EL,estee lauder|EL|Estee Lauders|Estée Lauder Companies (The)|ESTÉE LAUDER COMPANIES (THE)S|ESTEE LAUDERS|estée lauder companies (the)|$ELs|Estée Lauder Companies (The)s|ESTÉE LAUDER COMPANIES (THE)|ELs|$EL|estée lauder companies (the)s|ESTEE LAUDER|Estee Lauder|estee lauders
EG,Everest Groups|Everest|Everests|$EG|EVERESTS|everests|everest group|EVEREST GROUPS|EG|Everest Group|EGs|everest groups|everest|$EGs|EVEREST GROUP|EVEREST
EVRG,evergy|$EVRGs|evergys|EVRG|EVERGY|Evergy|EVRGs|Evergys|$EVRG|EVERGYS
ES,Eversource Energys|eversource energy|$ESs|EVERSOURCE ENERGYS|EVERSOURCE ENERGY|ESs|eversource energys|Eversource Energy|$ES|ES
EXC,Exelon|exelon|EXELONS|exelons|EXELON|Exelons|$EXC|EXCs|$EXCs|EXC
EXPE,$EXPE|expedia groups|Expedias|EXPEDIA GROUPS|expedias|$EXPEs|EXPEDIA|Expedia Groups|expedia|EXPE|expedia group|Expedia|EXPEDIAS|Expedia Group|EXPEs|EXPEDIA GROUP
EXPD,expeditors internationals|Expeditors International|expeditors international|$EXPD|Expeditors Internationals|EXPDs|EXPEDITORS INTERNATIONAL|EXPD|EXPEDITORS INTERNATIONALS|$EXPDs
EXR,EXR|Extra Space Storages|$EXRs|EXRs|extra space storage|EXTRA SPACE STORAGE|extra space storages|EXTRA SPACE STORAGES|$EXR|Extra Space Storage
XOM,exxonmobil|$XOM|ExxonMobil|ExxonMobils|EXXONMOBIL|exxonmobils|XOMs|EXXONMOBILS|XOM|$XOMs
FFIV,"$FFIV|F5|FFIVs|f5|F5s|F5, Inc.|F5, INC.S|f5s|F5S|$FFIVs|f5, inc.s|F5, INC.|F5, Inc.s|FFIV|f5, inc."
FDS,FDSs|FactSets|FACTSETS|FactSet|factset|$FDSs|FACTSET|$FDS|factsets|FDS
FICO,FAIR ISAACS|Fair Isaac|$FICO|FAIR ISAAC|fair isaacs|$FICOs|FICO|Fair Isaacs|fair isaac|FICOs
FAST,fastenals|Fastenal|$FASTs|FAST|$FAST|Fastenals|FASTENALS|fastenal|FASTENAL|FASTs
FRT,FRT|FRTs|$FRT|$FRTs|Federal Realty Investment Trust|federal realty investment trust|FEDERAL REALTY INVESTMENT TRUST|Federal Realty Investment Trusts|federal realty investment trusts|FEDERAL REALTY INVESTMENT TRUSTS
FDX,FedExs|FDX|FedEx|FEDEXS|FEDEX|$FDXs|fedex|FDXs|fedexs|$FDX
FIS,FISs|FIS|$FISs|fiss|Fidelity National Information Services|fis|FISS|fidelity national information services|FIDELITY NATIONAL INFORMATION SERVICES|$FIS
FITB,FITBs|fifth third bancorps|FIFTH THIRD BANCORP|Fifth Third Bancorps|Fifth Third Bancorp|FIFTH THIRD BANCORPS|FITB|fifth third bancorp|$FITB|$FITBs
FSLR,$FSLR|First Solars|FSLR|FIRST SOLARS|first solar|FSLRs|FIRST SOLAR|first solars|$FSLRs|First Solar
FE,$FEs|FE|firstenergy|FIRSTENERGY|FirstEnergys|FIRSTENERGYS|firstenergys|FEs|$FE|FirstEnergy
FI,FI|FIs|$FI|FISERVS|FISERV|fiservs|fiserv|$FIs|Fiservs|Fiserv
FMC,FMC CORPORATIONS|FMC|fmc corporation|FMC Corporations|$FMC|fmc corporations|FMC CORPORATION|fmcs|$FMCs|fmc|FMCs|FMCS|FMC Corporation
F,FORD MOTOR COMPANY|Ford Motor|Fs|$F|FORD MOTOR|ford motors|$Fs|Ford Motors|Ford Motor Companys|FORD MOTORS|ford motor company|Ford Motor Company|ford motor companys|FORD MOTOR COMPANYS|F|ford motor
FTNT,FTNT|FORTINETS|Fortinets|$FTNTs|FORTINET|fortinet|$FTNT|Fortinet|FTNTs|fortinets
FTV,FTV|Fortives|$FTV|FORTIVE|FTVs|fortives|$FTVs|FORTIVES|fortive|Fortive
FOXA,FOX|Fox|FOXS|fox corporation (class a)s|FOX CORPORATION (CLASS A)|Foxs|$FOXAs|FOXAs|fox corporation (class a)|$FOXA|fox|Fox Corporation (Class A)s|Fox Corporation (Class A)|foxs|FOXA|FOX CORPORATION (CLASS A)S
FOX,$FOX|FOX CORPORATION (CLASS B)S|fox corporation (class b)s|FOX|FOX CORPORATION (CLASS B)|Fox|FOXS|FOXs|Foxs|Fox Corporation (Class B)s|fox corporation (class b)|fox|Fox Corporation (Class B)|foxs|$FOXs
BEN,$BEN|BEN|$BENs|FRANKLIN RESOURCES|Franklin Resources|franklin resources|BENs
FCX,FREEPORT MCMORAN|$FCXs|FCX|Freeport-McMoRan|FREEPORT MCMORANS|freeport-mcmorans|Freeport-McMoRans|FREEPORT-MCMORANS|Freeport McMoRans|freeport mcmoran|$FCX|Freeport McMoRan|FCXs|freeport-mcmoran|FREEPORT-MCMORAN|freeport mcmorans
GRMN,GARMIN|Garmin|GARMINS|$GRMN|$GRMNs|garmins|GRMNs|Garmins|GRMN|garmin
IT,IT|GARTNERS|ITs|$ITs|Gartner|gartners|gartner|Gartners|GARTNER|$IT
GE,GE Aerospace|General Electric|GE AEROSPACE|ge aerospaces|general electrics|GE Aerospaces|ge aerospace|GE|$GE|general electric|GENERAL ELECTRIC|GE AEROSPACES|GENERAL ELECTRICS|General Electrics|GEs|$GEs
GEHC,ges|GENERAL ELECTRIC|GEHC|GEs|ge healthcare|GEHCs|GES|General Electric|GE HEALTHCARES|ge healthcares|$GEHC|GE HealthCares|GE HealthCare|general electrics|GE|ge|GENERAL ELECTRICS|general electric|GE HEALTHCARE|$GEHCs|General Electrics
GEV,ges|GE VERNOVAS|GEVs|ge vernova|GENERAL ELECTRIC|GEs|$GEVs|GES|General Electric|general electrics|GE Vernova|GEV|GE|ge|GENERAL ELECTRICS|general electric|GE Vernovas|ge vernovas|$GEV|GE VERNOVA|General Electrics
GEN,GEN|gen digital|$GEN|$GENs|Gen Digital|GEN DIGITALS|gen digitals|GEN DIGITAL|Gen Digitals|GENs
GNRC,GNRC|Generac|GNRCs|GENERAC|$GNRCs|generac|$GNRC|GENERACS|Generacs|generacs
GD,GDs|$GD|general dynamics|$GDs|General Dynamics|GD|GENERAL DYNAMICS
GIS,GISs|$GIS|$GISs|GENERAL MILLS|GIS|General Mills|general mills
GM,GM|$GMs|$GM|General Motors|GMs|GENERAL MOTORS|general motors
GPC,Genuine Parts Company|genuine parts companys|Genuine Parts|GENUINE PARTS|GENUINE PARTS COMPANY|genuine parts|GENUINE PARTS COMPANYS|$GPC|GPC|$GPCs|GPCs|Genuine Parts Companys|genuine parts company
GILD,Gilead Sciences|GILDs|gilead sciences|$GILD|GILEAD SCIENCES|GILD|$GILDs
GPN,Global Payments|GLOBAL PAYMENTS|GPNs|GPN|$GPN|global payments|$GPNs
GL,$GLs|Globe Lifes|globe lifes|GLs|GLOBE LIFES|$GL|globe life|GLOBE LIFE|GL|Globe Life
GDDY,GoDaddy|GODADDY|$GDDYs|GDDYs|godaddys|GODADDYS|GoDaddys|GDDY|$GDDY|godaddy
GS,GSs|$GSs|Goldman Sachs|$GS|GOLDMAN SACHS|GS|goldman sachs
HAL,$HAL|HALLIBURTON|HALs|Halliburtons|Halliburton|HALLIBURTONS|$HALs|halliburtons|halliburton|HAL
HIG,$HIG|HIGs|Hartfords|Hartford|$HIGs|HARTFORD (THE)|Hartford (The)s|HARTFORDS|hartford|HIG|Hartford (The)|HARTFORD (THE)S|hartford (the)|hartford (the)s|HARTFORD|hartfords
HAS,hasbro|Hasbros|HASs|HASBRO|HASBROS|$HAS|hasbros|Hasbro|HAS|$HASs
HCA,HCA Healthcares|HCAs|HCA|hca healthcares|HCA HEALTHCARE|hca healthcare|HCA HEALTHCARES|$HCAs|HCA Healthcare|$HCA
DOC,HEALTHPEAK PROPERTIES|Healthpeak Properties|$DOCs|DOCs|healthpeak properties|$DOC|DOC
HSIC,Henry Schein|HENRY SCHEIN|$HSICs|henry schein|HSIC|HSICs|Henry Scheins|$HSIC|HENRY SCHEINS|henry scheins
HSY,hershey company (the)|$HSY|HSYs|HSY|$HSYs|hershey|HERSHEYS|Hershey Company (The)s|HERSHEY|hersheys|Hershey|hershey company (the)s|HERSHEY COMPANY (THE)|Hersheys|Hershey Company (The)|HERSHEY COMPANY (THE)S
HES,HESS|hess corporations|Hess Corporation|$HES|HESS CORPORATIONS|hess corporation|Hess|HESs|HESS CORPORATION|Hess Corporations|hess|$HESs|HES
HPE,hps|HPs|HEWLETT PACKARD ENTERPRISES|hewlett packard enterprises|hewlett packards|Hewlett Packard|hewlett packard|hewlett packard enterprise|$HPEs|Hewlett Packard Enterprise|HEWLETT PACKARD|Hewlett Packard Enterprises|HPEs|HPS|HEWLETT PACKARD ENTERPRISE|HPE|HP|$HPE|hp|Hewlett Packards|HEWLETT PACKARDS
HLT,$HLT|hilton worldwides|HLTs|HILTON WORLDWIDES|$HLTs|HLT|Hilton Worldwide|hilton worldwide|HILTON WORLDWIDE|Hilton Worldwides
HOLX,Hologic|Hologics|$HOLX|HOLOGIC|hologics|hologic|$HOLXs|HOLOGICS|HOLX|HOLXs
HD,Home Depot|home depots|HOME DEPOT|HDs|Home Depot (The)s|HOME DEPOTS|HD|HOME DEPOT (THE)|HOME DEPOT (THE)S|home depot|Home Depots|Home Depot (The)|home depot (the)|home depot (the)s|$HDs|$HD
HON,HON|HONEYWELL|$HON|Honeywell|Honeywells|HONEYWELLS|$HONs|honeywell|honeywells|HONs
HRL,HRL|hormel foods|$HRLs|HORMEL FOODS|Hormel Foods|HRLs|$HRL
HST,host hotels & resorts|HOST HOTELS & RESORTS|Host Hotels & Resorts|HSTs|HOST HOTELS RESORTS|host hotels resorts|HST|$HSTs|Host Hotels Resorts|$HST
HWM,Howmet Aerospace|HWMs|howmet aerospaces|Howmet Aerospaces|HOWMET AEROSPACES|HOWMET AEROSPACE|howmet aerospace|HWM|$HWMs|$HWM
HPQ,hps|hp inc.s|HPs|HP Inc.|HPQ|hewlett packards|HP INC.S|Hewlett Packard|hewlett packard|HEWLETT PACKARD|HPS|HPQs|hp inc.|$HPQs|HP Inc.s|$HPQ|HP|HP INC.|hp|Hewlett Packards|HEWLETT PACKARDS
HUBB,hubbells|hubbell incorporateds|HUBBs|HUBB|$HUBBs|$HUBB|Hubbell Incorporated|HUBBELLS|Hubbell Incorporateds|Hubbell|Hubbells|HUBBELL INCORPORATED|hubbell|HUBBELL INCORPORATEDS|HUBBELL|hubbell incorporated
HUM,HUMANAS|HUMANA|Humana|$HUM|HUMs|humanas|humana|HUM|$HUMs|Humanas
HBAN,$HBANs|Huntington Bancshares|HBAN|HUNTINGTON BANCSHARES|$HBAN|HBANs|huntington bancshares
HII,HIIs|$HIIs|huntington ingalls industries|Huntington Ingalls Industries|HUNTINGTON INGALLS INDUSTRIES|huntington ingalls|Huntington Ingalls|HII|$HII|HUNTINGTON INGALLS
IBM,ibms|IBMs|ibm|IBM|IBMS|$IBMs|$IBM
IEX,IDEXS|idex|$IEX|IDEX Corporation|IEX|IDEXs|IEXs|idex corporations|IDEX CORPORATIONS|IDEX|idex corporation|idexs|$IEXs|IDEX CORPORATION|IDEX Corporations
IDXX,idexx laboratories|Idexx|idexx|$IDXXs|IDXXs|Idexxs|IDXX|IDEXXS|$IDXX|IDEXX|Idexx Laboratories|idexxs|IDEXX LABORATORIES
ITW,$ITWs|ITWs|ITW|Illinois Tool Works|$ITW|illinois tool works|ILLINOIS TOOL WORKS
INCY,Incytes|incyte|INCY|incytes|$INCYs|$INCY|INCYTES|INCYs|INCYTE|Incyte
IR,$IR|ingersoll rand|ingersoll rands|Ingersoll Rand|INGERSOLL RANDS|$IRs|IR|IRs|Ingersoll Rands|INGERSOLL RAND
PODD,insulets|Insulets|PODDs|Insulet|INSULET|PODD|INSULET CORPORATION|Insulet Corporation|insulet corporations|INSULET CORPORATIONS|INSULETS|insulet corporation|$PODDs|Insulet Corporations|$PODD|insulet
INTC,INTCs|Intel|INTC|Intels|intels|INTELS|intel|$INTC|INTEL|$INTCs
ICE,ICEs|intercontinental exchange|Intercontinental Exchanges|$ICEs|ICE|INTERCONTINENTAL EXCHANGES|INTERCONTINENTAL EXCHANGE|intercontinental exchanges|$ICE|Intercontinental Exchange
IFF,International Flavors & Fragrances|$IFFs|INTERNATIONAL FLAVORS FRAGRANCES|international flavors fragrances|IFF|$IFF|INTERNATIONAL FLAVORS & FRAGRANCES|IFFs|International Flavors Fragrances|international flavors & fragrances
IP,$IPs|IPs|INTERNATIONAL PAPERS|International Paper|IP|international papers|INTERNATIONAL PAPER|international paper|International Papers|$IP
IPG,Interpublic|interpublics|interpublic group of companies (the)|Interpublics|Interpublic Group of Companies (The)s|INTERPUBLIC GROUP OF COMPANIES (THE)|INTERPUBLICS|$IPGs|INTERPUBLIC|interpublic|IPG|interpublic group of companies (the)s|$IPG|Interpublic Group of Companies (The)|INTERPUBLIC GROUP OF COMPANIES (THE)S|IPGs
INTU,intuit|INTUITS|INTUIT|INTUs|$INTUs|Intuits|Intuit|intuits|INTU|$INTU
ISRG,INTUITIVE SURGICALS|Intuitive Surgical|INTUITIVE SURGICAL|ISRGs|Intuitive Surgicals|$ISRG|intuitive surgicals|intuitive surgical|ISRG|$ISRGs
IVZ,IVZ|Invesco|Invescos|INVESCOS|$IVZ|IVZs|$IVZs|invesco|invescos|INVESCO
INVH,INVITATION HOMES|$INVHs|INVHs|$INVH|INVH|Invitation Homes|invitation homes
IQV,IQVs|$IQV|IQV|IQVIAs|IQVIA|iqvias|IQVIAS|$IQVs|iqvia
IRM,$IRMs|IRM|Iron Mountain|Iron Mountains|IRON MOUNTAINS|$IRM|iron mountain|IRON MOUNTAIN|IRMs|iron mountains
JBHT,J.B. HUNT|j.b. hunt|JBHT|JBHTs|J.B. Hunts|jb hunt|jb hunts|JB HUNTS|JB HUNT|$JBHT|J.B. HUNTS|JB Hunt|$JBHTs|J.B. Hunt|JB Hunts|j.b. hunts
JBL,$JBLs|JABILS|jabils|jabil|$JBL|JBL|Jabils|Jabil|JABIL|JBLs
JKHY,JACK HENRY ASSOCIATES|jack henry associates|JACK HENRY & ASSOCIATES|JKHYs|jack henry & associates|$JKHYs|$JKHY|Jack Henry Associates|Jack Henry & Associates|JKHY
J,jacobs solutions|Jacobs Solutions|J|Js|$J|JACOBS SOLUTIONS|$Js
JNJ,JOHNSON & JOHNSONS|JOHNSON & JOHNSON|JNJs|Johnson & Johnson|Johnson & Johnsons|johnson & johnsons|$JNJ|johnson & johnson|JNJ|$JNJs
JCI,JCI|$JCI|JCIs|$JCIs|johnson controls|Johnson Controls|JOHNSON CONTROLS
JPM,jpmorgans|jpmorgan chases|JPM|$JPMs|JPMorgans|JPMORGAN CHASES|jpmorgan chase|JPMorgan Chase|JPMORGAN|JPMs|$JPM|JPMorgan|jpmorgan|JPMORGANS|JPMorgan Chases|JPMORGAN CHASE
JNPR,$JNPR|Juniper Networks|JUNIPER NETWORKS|juniper networks|$JNPRs|JNPR|JNPRs
K,kellanovas|K|kellanova|KELLANOVA|Kellanovas|$K|$Ks|Ks|KELLANOVAS|Kellanova
KVUE,kenvue|KENVUE|KVUE|Kenvue|$KVUE|KVUEs|KENVUES|$KVUEs|kenvues|Kenvues
KDP,Keurig Dr Pepper|KDPs|keurig dr peppers|KDP|dr peppers|DR PEPPER|$KDPs|Dr Pepper|Keurig Dr Peppers|$KDP|Dr Peppers|KEURIG DR PEPPERS|KEURIG DR PEPPER|DR PEPPERS|dr pepper|keurig dr pepper
KEY,keycorp|KEYCORPS|KeyCorp|KEYs|KeyCorps|$KEYs|KEY|$KEY|KEYCORP|keycorps
KEYS,Keysight|KEYSIGHT|keysight technologies|Keysights|KEYS|keysight|keysights|$KEYS|KEYSs|KEYSIGHTS|Keysight Technologies|KEYSIGHT TECHNOLOGIES|$KEYSs
KMB,Kimberly-Clarks|kimberly-clarks|$KMBs|Kimberly-Clark|kimberly clark|Kimberly Clark|kimberly clarks|KMBs|KMB|Kimberly Clarks|KIMBERLY CLARK|KIMBERLY-CLARK|$KMB|KIMBERLY-CLARKS|kimberly-clark|KIMBERLY CLARKS
KIM,KIMCO REALTYS|kimco realty|Kimco Realty|KIMs|Kimco Realtys|KIM|KIMCO REALTY|$KIMs|$KIM|kimco realtys
KMI,KMIs|$KMI|KINDER MORGANS|kinder morgans|kinder morgan|Kinder Morgan|Kinder Morgans|$KMIs|KMI|KINDER MORGAN
KKR,kkr|KKRs|$KKR|KKR|$KKRs|KKRS|kkrs
KLAC,$KLACs|KLA|KLAC|kla|KLACs|kla corporation|$KLAC|KLAs|KLA Corporation|KLAS|KLA CORPORATION|KLA CORPORATIONS|klas|kla corporations|KLA Corporations
KHC,Heinzs|KHC|KRAFT HEINZ|KRAFT HEINZS|KHCs|Krafts|Kraft Heinzs|Kraft|kraft|kraft heinzs|krafts|$KHCs|kraft heinz|HEINZS|heinzs|heinz|KRAFT|$KHC|Heinz|KRAFTS|Kraft Heinz|HEINZ
KR,KRs|krogers|$KR|KR|$KRs|Kroger|Krogers|KROGERS|kroger|KROGER
LHX,LHX|LHXs|L3HARRIS|$LHXs|L3Harris|$LHX|l3harris
LH,labcorp|$LHs|LH|LABCORPS|LABCORP|LHs|labcorps|LabCorps|$LH|LabCorp
LRCX,LRCXs|LAM RESEARCHS|lam researchs|LRCX|$LRCX|LAM RESEARCH|lam research|Lam Research|$LRCXs|Lam Researchs
LW,$LWs|Lamb Westons|LWs|LAMB WESTONS|Lamb Weston|LAMB WESTON|LW|lamb westons|lamb weston|$LW
LVS,LVS|$LVSs|LAS VEGAS SANDS|las vegas sands|LVSs|Las Vegas Sands|$LVS
LDOS,$LDOSs|$LDOS|leidos|LDOS|Leidos|LDOSs|LEIDOS
LEN,$LENs|lennar|LEN|Lennars|LENNARS|LENNAR|$LEN|Lennar|LENs|lennars
LLY,LLY|LLYs|$LLY|$LLYs|Lilly (Eli)|lilly (eli)|LILLY (ELI)|Lilly (Eli)s|lilly (eli)s|LILLY (ELI)S
LIN,$LIN|linde plc|LINDE PLC|LINs|linde plcs|LIN|Linde|linde|LINDE|Linde plcs|LINDES|lindes|$LINs|Lindes|Linde plc|LINDE PLCS
LYV,LIVE NATION ENTERTAINMENTS|LIVE NATIONS|live nation entertainment|Live Nation Entertainment|live nation|Live Nation Entertainments|LIVE NATION|LYV|Live Nations|LYVs|live nation entertainments|LIVE NATION ENTERTAINMENT|$LYV|live nations|Live Nation|$LYVs
LKQ,lkq corporations|LKQ CORPORATION|lkq corporation|lkqs|LKQS|LKQ|$LKQ|$LKQs|LKQ CORPORATIONS|LKQs|LKQ Corporations|LKQ Corporation|lkq
LMT,lockheed martin|LMT|LOCKHEED MARTINS|Lockheed Martins|Lockheed Martin|LMTs|$LMTs|$LMT|lockheed martins|LOCKHEED MARTIN
L,L|loews|Loews|LOEWS CORPORATION|$Ls|$L|loews corporation|LOEWS|loews corporations|LOEWS CORPORATIONS|Loews Corporation|Ls|Loews Corporations
LOW,LOWES|Lowes|LOWE'S|lowe's|lowes|LOW|Lowe's|$LOW|$LOWs|LOWs
LULU,LULUs|Lululemon Athleticas|lululemons|Lululemons|lululemon athletica|lululemon athleticas|Lululemon|LULULEMON ATHLETICA|LULULEMONS|$LULU|LULU|LULULEMON|Lululemon Athletica|LULULEMON ATHLETICAS|lululemon|$LULUs
LYB,LYONDELL BASELLS|LYONDELLBASELL|Lyondell Basells|LYB|LyondellBasell|lyondellbasells|LyondellBasells|lyondell basells|$LYBs|lyondellbasell|LYONDELL BASELL|lyondell basell|LYBs|Lyondell Basell|LYONDELLBASELLS|$LYB
MTB,$MTB|MTB|M&T Bank|M&T BANKS|m&t banks|MTBs|M&T BANK|M&T Banks|m&t bank|$MTBs
MPC,MARATHON PETROLEUM|MPCs|Marathon Petroleums|$MPCs|MARATHON PETROLEUMS|marathon petroleum|$MPC|Marathon Petroleum|marathon petroleums|MPC
MKTX,$MKTXs|MarketAxess|MARKETAXESS|MKTX|$MKTX|marketaxess|MKTXs
MAR,MARRIOTT INTERNATIONAL|$MARs|MARRIOTT INTERNATIONALS|MAR|$MAR|Marriott International|Marriott Internationals|marriott internationals|MARs|marriott international
MMC,marsh mclennans|MARSH MCLENNAN|MMC|Marsh McLennan|MARSH MCLENNANS|MMCs|Marsh McLennans|marsh mclennan|$MMCs|$MMC
MLM,MLMs|MARTIN MARIETTA MATERIALS|Martin Marietta Materials|martin marietta|martin marietta materials|MARTIN MARIETTAS|MLM|$MLM|Martin Mariettas|Martin Marietta|$MLMs|martin mariettas|MARTIN MARIETTA
MAS,MAS|$MAS|MASs|Mascos|mascos|Masco|$MASs|MASCO|MASCOS|masco
MA,Mastercards|Mastercard|$MAs|MA|MASTERCARDS|mastercards|MASTERCARD|mastercard|$MA|MAs
MTCH,match groups|MATCH GROUPS|$MTCH|$MTCHs|Match Groups|MATCH|match group|matchs|match|MTCHs|Matchs|Match|MATCH GROUP|MATCHS|MTCH|Match Group
MKC,mccormick|$MKC|McCormick & Companys|MCCORMICK & COMPANY|mccormick & companys|McCormick|mccormick & company|MCCORMICK|MKCs|McCormicks|McCormick & Company|MCCORMICK & COMPANYS|mccormicks|MCCORMICKS|$MKCs|MKC
MCD,MCD|$MCD|$MCDs|McDonalds|mcdonald's|mcdonalds|MCDONALDS|MCDs|McDonald's|MCDONALD'S
MCK,MCKESSONS|mckesson|mckessons|mckesson corporations|McKessons|McKesson Corporations|MCKs|$MCK|mckesson corporation|MCKESSON|McKesson Corporation|$MCKs|MCKESSON CORPORATION|MCK|MCKESSON CORPORATIONS|McKesson
MDT,MEDTRONICS|MDT|Medtronics|MDTs|$MDTs|medtronics|medtronic|MEDTRONIC|$MDT|Medtronic
MRK,merck & co|MERCK & COS|Merck & Co.s|Merck & Co|merck & co.s|MERCK & CO.|merck & cos|MERCK & CO|MERCK & CO.S|Merck & Cos|merck & co.|$MRK|$MRKs|MRK|Merck & Co.|MRKs
META,Meta Platforms|Facebook|Metas|$META|facebook|$METAs|META PLATFORMS|Meta|facebooks|FACEBOOKS|Facebooks|metas|meta platforms|META|meta|METAS|METAs|FACEBOOK
MET,MetLife|METLIFE|metlifes|MET|METs|MetLifes|$METs|$MET|metlife|METLIFES
MTD,METTLER TOLEDOS|$MTDs|$MTD|METTLER TOLEDO|MTDs|mettler toledo|Mettler Toledos|Mettler Toledo|MTD|mettler toledos
MGM,MGM|$MGM|MGMs|$MGMs|MGM RESORTS|mgm resorts|MGM Resorts
MCHP,MCHP|MCHPs|$MCHP|$MCHPs|Microchip Technology|microchip technology|MICROCHIP TECHNOLOGY|Microchip Technologys|microchip technologys|MICROCHIP TECHNOLOGYS
MU,MICRON TECHNOLOGY|MUs|MU|MICRON|microns|MICRON TECHNOLOGYS|Micron Technologys|Micron|$MUs|Micron Technology|micron technology|micron technologys|Microns|MICRONS|$MU|micron
MSFT,MSFT|MICROSOFTS|microsoft|Microsoft|MICROSOFT|microsofts|MSFTs|Microsofts|$MSFT|$MSFTs
MAA,MAA|MAAs|$MAA|$MAAs|Mid-America Apartment Communities|mid-america apartment communities|MID-AMERICA APARTMENT COMMUNITIES
MRNA,MODERNA|MRNA|Modernas|MRNAs|$MRNA|modernas|moderna|MODERNAS|$MRNAs|Moderna
MHK,$MHK|Mohawk Industries|$MHKs|MHK|MHKs|MOHAWK INDUSTRIES|mohawk industries
MOH,$MOH|MOHs|Molina Healthcares|$MOHs|molina healthcare|MOLINA HEALTHCARES|Molina Healthcare|MOLINA HEALTHCARE|MOH|molina healthcares
TAP,$TAPs|coors|MOLSON COORS BEVERAGE COMPANY|TAP|Molson Coors Beverage Companys|molson coors beverage companys|COORS|molson coors beverage company|TAPs|MOLSON COORS BEVERAGE COMPANYS|Molson Coors Beverage Company|$TAP|Coors
MDLZ,Mondelez International|mondelez internationals|mondelez international|$MDLZs|MONDELEZ INTERNATIONALS|MDLZ|$MDLZ|Mondelez Internationals|MONDELEZ INTERNATIONAL|MDLZs
MPWR,MPWRs|$MPWRs|MPWR|$MPWR|MONOLITHIC POWER SYSTEMS|Monolithic Power Systems|monolithic power systems
MNST,$MNSTs|Monster Beverage|monster beverage|Monster Energy|MONSTER ENERGY|MNST|Monster Beverages|MONSTER ENERGYS|Monster Energys|$MNST|monster energys|MNSTs|monster beverages|MONSTER BEVERAGES|MONSTER BEVERAGE|monster energy
MCO,moodys|moody's corporation|MOODY'S CORPORATIONS|MCO|MOODY'S CORPORATION|$MCOs|$MCO|moody's corporations|MOODYS|Moody's Corporation|Moodys|MCOs|Moody's Corporations
MS,MS|Morgan Stanley|MORGAN STANLEYS|$MS|$MSs|MORGAN STANLEY|morgan stanleys|morgan stanley|MSs|Morgan Stanleys
MOS,MOSs|mosaic|MOS|Mosaic Company (The)s|$MOS|mosaic company (the)|MOSAIC|MOSAICS|$MOSs|Mosaic|mosaics|Mosaics|MOSAIC COMPANY (THE)|mosaic company (the)s|Mosaic Company (The)|MOSAIC COMPANY (THE)S
MSI,MSI|motorola solutions|Motorola Solutions|MOTOROLA SOLUTIONS|$MSIs|$MSI|MSIs
MSCI,MSCI|$MSCIs|MSCIS|$MSCI|MSCIs|mscis|msci
NDAQ,"NASDAQ, INC.S|NASDAQ|nasdaq, inc.|$NDAQs|NASDAQS|Nasdaq, Inc.s|nasdaq|Nasdaqs|$NDAQ|NDAQ|NDAQs|nasdaqs|nasdaq, inc.s|Nasdaq|Nasdaq, Inc.|NASDAQ, INC."
NTAP,$NTAPs|NETAPPS|netapps|netapp|NetApp|NTAP|$NTAP|NetApps|NETAPP|NTAPs
NFLX,NETFLIXS|NFLXs|$NFLX|$NFLXs|netflix|Netflix|NFLX|NETFLIX|Netflixs|netflixs
NEM,Newmonts|Newmont|newmonts|$NEM|NEWMONTS|$NEMs|NEWMONT|NEMs|NEM|newmont
NWSA,$NWSA|NWSAs|News Corps|$NWSAs|News Corp (Class A)|News Corp|NEWS CORP (CLASS A)|NEWS CORP|NWSA|news corp|NEWS CORP (CLASS A)S|news corp (class a)s|NEWS CORPS|News Corp (Class A)s|news corp (class a)|news corps
NWS,NWSs|News Corps|news corp (class b)s|News Corp (Class B)|$NWS|NWS|News Corp (Class B)s|News Corp|$NWSs|NEWS CORP|news corp (class b)|news corp|NEWS CORP (CLASS B)|NEWS CORPS|NEWS CORP (CLASS B)S|news corps
NEE,NEEs|nextera energy|$NEE|NEE|nextera energys|NEXTERA ENERGY|NextEra Energys|NEXTERA ENERGYS|$NEEs|NextEra Energy
NKE,"NIKE|NKE|nike, inc.|$NKE|Nike, Inc.s|NKEs|NIKE, INC.|nike, inc.s|Nike, Inc.|Nikes|nike|NIKE, INC.S|NIKES|Nike|nikes|$NKEs"
NI,NISOURCE|NIs|NI|nisources|NiSource|NISOURCES|nisource|NiSources|$NIs|$NI
NDSN,nordson corporation|NORDSONS|$NDSNs|NORDSON CORPORATIONS|$NDSN|NDSN|NORDSON CORPORATION|nordson corporations|NDSNs|Nordson Corporations|Nordson|NORDSON|Nordsons|nordsons|Nordson Corporation|nordson
NSC,Norfolk Southern Railway|$NSC|norfolk southern railway|Norfolk Southern Railways|norfolk southern railways|NORFOLK SOUTHERN RAILWAYS|$NSCs|NSC|NORFOLK SOUTHERN RAILWAY|NSCs
NTRS,Northern Trust|NTRS|Northern Trusts|$NTRS|NORTHERN TRUSTS|$NTRSs|NORTHERN TRUST|northern trusts|NTRSs|northern trust
NOC,$NOCs|northrop grummans|northrop grumman|NORTHROP GRUMMANS|NOC|Northrop Grumman|NORTHROP GRUMMAN|NOCs|$NOC|Northrop Grummans
NCLH,NCLH|NORWEGIAN CRUISE LINE HOLDINGS|Norwegian Cruise Line Holdings|$NCLHs|norwegian cruise line holdings|NCLHs|$NCLH
NRG,NRGs|NRG|NRG ENERGY|$NRG|NRG Energy|NRG Energys|nrg energy|$NRGs|nrg energys|NRG ENERGYS
NUE,Nucors|nucors|NUCOR|$NUEs|NUCORS|nucor|NUEs|$NUE|Nucor|NUE
NVDA,$NVDA|NVIDIA|nvidias|nvidia|NVIDIAS|Nvidia|Nvidias|$NVDAs|NVDAs|NVDA
NVR,"nvr, inc.|NVR, INC.S|NVR, Inc.s|NVRS|nvr|NVR, Inc.|NVR|NVRs|nvrs|nvr, inc.s|NVR, INC.|$NVR|$NVRs"
NXPI,nxp semiconductors|NXP Semiconductors|$NXPI|NXP SEMICONDUCTORS|$NXPIs|NXPIs|NXPI
ORLY,O'Reilly Auto Parts|ORLY|$ORLYs|o'reilly auto parts|OREILLY AUTO PARTS|$ORLY|oreilly auto parts|ORLYs|OReilly Auto Parts|O'REILLY AUTO PARTS
OXY,occidental petroleums|$OXY|occidental petroleum|$OXYs|OCCIDENTAL PETROLEUMS|Occidental Petroleum|OCCIDENTAL PETROLEUM|OXYs|OXY|Occidental Petroleums
ODFL,Old Dominions|$ODFL|OLD DOMINIONS|ODFLs|Old Dominion|ODFL|OLD DOMINION|old dominion|old dominions|$ODFLs
OMC,OMCs|OMNICOMS|Omnicom Groups|Omnicom|OMNICOM GROUP|$OMCs|omnicom|omnicoms|Omnicoms|Omnicom Group|OMNICOM GROUPS|omnicom groups|omnicom group|OMNICOM|$OMC|OMC
ON,on semiconductors|$ON|ON SEMICONDUCTOR|on semiconductor|ON Semiconductor|ON Semiconductors|ON SEMICONDUCTORS|ONs|$ONs|ON
OKE,OKE|oneoks|ONEOKS|OKEs|$OKE|oneok|ONEOKs|ONEOK|$OKEs
ORCL,$ORCL|Oracle Corporations|Oracles|oracle|ORACLES|ORACLE CORPORATIONS|oracle corporations|Oracle|oracles|ORCL|ORACLE CORPORATION|Oracle Corporation|oracle corporation|ORCLs|ORACLE|$ORCLs
OTIS,OTIS WORLDWIDE|Otis Worldwides|OTISs|OTIS|Otis Worldwide|otis worldwides|$OTISs|OTIS WORLDWIDES|$OTIS|otis worldwide
PCAR,paccar|PACCARS|paccars|Paccars|PACCAR|$PCARs|$PCAR|PCARs|Paccar|PCAR
PKG,PKG|PKGs|$PKG|$PKGs|Packaging Corporation of America|packaging corporation of america|PACKAGING CORPORATION OF AMERICA|Packaging Corporation of Americas|packaging corporation of americas|PACKAGING CORPORATION OF AMERICAS
PLTR,palantir technologies|$PLTRs|$PLTR|Palantir Technologies|Palantirs|palantirs|PLTR|PALANTIR TECHNOLOGIES|palantir|PLTRs|PALANTIRS|Palantir|PALANTIR
PANW,$PANW|Palo Alto Networks|PANWs|$PANWs|palo alto networks|PALO ALTO NETWORKS|PANW
PARA,PARAMOUNT GLOBAL|$PARA|Paramounts|Paramount Globals|paramount global|$PARAs|PARAMOUNTS|Paramount Global|PARAMOUNT GLOBALS|PARA|paramount|PARAMOUNT|PARAs|paramounts|Paramount|paramount globals
PH,PHs|$PH|Parker Hannifin|PARKER HANNIFIN|Parker Hannifins|PARKER HANNIFINS|parker hannifin|PH|$PHs|parker hannifins
PAYX,paychexs|PAYCHEXS|paychex|Paychexs|PAYX|$PAYX|PAYXs|$PAYXs|PAYCHEX|Paychex
PAYC,PAYC|Paycom|PAYCs|PAYCOM|paycoms|$PAYCs|Paycoms|PAYCOMS|$PAYC|paycom
PYPL,$PYPLs|PayPals|$PYPL|paypals|PayPal|PYPL|PAYPAL|paypal|PYPLs|PAYPALS
PNR,Pentair|pentairs|Pentairs|PENTAIR|pentair|$PNR|PNRs|$PNRs|PNR|PENTAIRS
PEP,PEPSICOS|pepsis|Pepsis|pepsi|PEP|PEPs|PEPSICO|PepsiCos|pepsicos|PEPSIS|pepsico|PEPSI|$PEP|PepsiCo|Pepsi|$PEPs
PFE,PFIZER|$PFEs|pfizer|Pfizers|$PFE|PFE|Pfizer|PFIZERS|pfizers|PFEs
PCG,PCGs|PG&E Corporation|PG&E CORPORATIONS|PG&E|pg&es|PG&Es|$PCG|pg&e corporation|pg&e|PG&ES|$PCGs|PG&E Corporations|PCG|pg&e corporations|PG&E CORPORATION
PM,PMs|PM|philip morris international|Philip Morris International|philip morris internationals|PHILIP MORRIS INTERNATIONALS|$PMs|$PM|PHILIP MORRIS INTERNATIONAL|Philip Morris Internationals
PSX,phillips 66s|PSXs|PSX|$PSX|Phillips 66|PHILLIPS 66S|PHILLIPS 66|Phillips 66s|phillips 66|$PSXs
PNW,$PNWs|PNWs|PINNACLE WEST|Pinnacle Wests|pinnacle wests|pinnacle west|PNW|$PNW|Pinnacle West|PINNACLE WESTS
PNC,PNC|PNC FINANCIAL SERVICES|PNC Financial Services|pnc financial services|$PNC|PNCs|$PNCs
POOL,POOL|POOLs|$POOL|$POOLs|Pool Corporation|pool corporation|POOL CORPORATION|Pool Corporations|pool corporations|POOL CORPORATIONS
PPG,PPG Industries|$PPG|ppg industries|$PPGs|PPG|PPG INDUSTRIES|PPGs
PPL,PPL|PPLs|$PPL|$PPLs|PPL Corporation|ppl corporation|PPL CORPORATION|PPL Corporations|ppl corporations|PPL CORPORATIONS
PFG,PFGs|principal financial group|Principal Financial Groups|Principal Financial|Principal Financial Group|principal financials|PRINCIPAL FINANCIALS|Principal Financials|PFG|PRINCIPAL FINANCIAL GROUPS|PRINCIPAL FINANCIAL GROUP|principal financial groups|principal financial|$PFG|PRINCIPAL FINANCIAL|$PFGs
PG,PGs|Procter & Gamble|PROCTER & GAMBLES|PROCTER GAMBLE|$PG|PG|Procter Gamble|procter & gamble|PROCTER & GAMBLE|procter & gambles|Procter & Gambles|$PGs|PROCTER GAMBLES|procter gamble|Procter Gambles|procter gambles
PGR,PGR|PGRs|$PGR|$PGRs|Progressive Corporation|progressive corporation|PROGRESSIVE CORPORATION|Progressive Corporations|progressive corporations|PROGRESSIVE CORPORATIONS
PLD,Prologis|$PLDs|$PLD|PROLOGIS|PLDs|prologis|PLD
PRU,Prudential Financials|PRUDENTIAL FINANCIAL|$PRUs|prudential financial|PRUs|Prudential Financial|PRU|PRUDENTIAL FINANCIALS|$PRU|prudential financials
PEG,PEG|PEGs|$PEG|$PEGs|Public Service Enterprise Group|public service enterprise group|PUBLIC SERVICE ENTERPRISE GROUP|Public Service Enterprise Groups|public service enterprise groups|PUBLIC SERVICE ENTERPRISE GROUPS
PTC,$PTCs|PTCs|ptcs|PTCS|PTC INC.S|ptc|PTC INC.|ptc inc.|ptc inc.s|PTC Inc.s|$PTC|PTC Inc.|PTC
PSA,PSA|PSAs|$PSA|$PSAs|Public Storage|public storage|PUBLIC STORAGE|Public Storages|public storages|PUBLIC STORAGES
PHM,pultegroups|PulteGroups|PulteGroup|pultes|Pulte|PHM|pultegroup|PULTEGROUPS|PULTES|$PHMs|pulte|PULTE|Pultes|PHMs|$PHM|PULTEGROUP
QRVO,$QRVO|qorvo|qorvos|Qorvo|$QRVOs|QORVO|Qorvos|QRVOs|QRVO|QORVOS
PWR,Quanta Services|QUANTA SERVICES|$PWRs|quanta|QUANTAS|Quanta|$PWR|QUANTA|PWR|quantas|Quantas|PWRs|quanta services
QCOM,$QCOM|QUALCOMMS|QCOM|QCOMs|qualcomm|$QCOMs|qualcomms|Qualcomms|QUALCOMM|Qualcomm
DGX,$DGX|$DGXs|DGXs|quest diagnostics|DGX|Quest Diagnostics|QUEST DIAGNOSTICS
RL,RALPH LAURENS|ralph lauren corporations|$RL|Ralph Laurens|RLs|RL|RALPH LAUREN|ralph lauren corporation|ralph laurens|Ralph Lauren|ralph lauren|RALPH LAUREN CORPORATION|Ralph Lauren Corporations|Ralph Lauren Corporation|$RLs|RALPH LAUREN CORPORATIONS
RJF,RAYMOND JAMES|Raymond James Financial|RJF|RAYMOND JAMES FINANCIAL|raymond james financials|Raymond James|raymond james|$RJFs|raymond james financial|RJFs|$RJF|Raymond James Financials|RAYMOND JAMES FINANCIALS
RTX,RTX|RTXs|$RTX|$RTXs|RTX Corporation|rtx corporation|RTX CORPORATION|RTX Corporations|rtx corporations|RTX CORPORATIONS
O,Os|$O|REALTY INCOME|realty incomes|O|Realty Income|realty income|REALTY INCOMES|Realty Incomes|$Os
REG,$REG|Regency Centers|regency centers|$REGs|REG|REGENCY CENTERS|REGs
REGN,Regeneron Pharmaceuticals|REGENERON|regeneron pharmaceuticals|REGENERONS|Regenerons|REGNs|regenerons|$REGN|REGENERON PHARMACEUTICALS|Regeneron|REGN|regeneron|$REGNs
RF,RF|Regions Financial|regions financial corporations|REGIONS FINANCIALS|Regions Financial Corporations|$RFs|RFs|regions financial corporation|Regions Financials|regions financials|Regions Financial Corporation|REGIONS FINANCIAL CORPORATIONS|$RF|regions financial|REGIONS FINANCIAL CORPORATION|REGIONS FINANCIAL
RSG,RSG|RSGs|REPUBLIC SERVICES|Republic Services|$RSGs|$RSG|republic services
RMD,RESMEDS|$RMDs|resmed|RMDs|RESMED|ResMeds|resmeds|ResMed|$RMD|RMD
RVTY,revvitys|revvity|REVVITY|Revvitys|RVTYs|Revvity|$RVTY|REVVITYS|$RVTYs|RVTY
ROK,$ROK|ROKs|$ROKs|Rockwell Automations|rockwell automations|ROK|Rockwell Automation|rockwell automation|ROCKWELL AUTOMATIONS|ROCKWELL AUTOMATION
ROL,"Rollins|ROLLINS, INC.|ROLLINS|$ROLs|ROL|Rollins, Inc.s|$ROL|rollins, inc.s|ROLLINS, INC.S|ROLs|rollins|rollins, inc.|Rollins, Inc."
ROP,ROPs|roper technologies|ROP|ROPER TECHNOLOGIES|$ROP|Roper Technologies|$ROPs
ROST,ROSS STORES|ROSTs|ROST|$ROST|$ROSTs|ross stores|Ross Stores
RCL,ROYAL CARIBBEAN GROUPS|$RCLs|Royal Caribbean Group|Royal Caribbean|ROYAL CARIBBEANS|Royal Caribbean Groups|royal caribbean group|ROYAL CARIBBEAN GROUP|royal caribbean|$RCL|RCLs|Royal Caribbeans|ROYAL CARIBBEAN|royal caribbeans|RCL|royal caribbean groups
SPGI,S&P GLOBAL|SPGIs|s&p globals|$SPGIs|$SPGI|s&p global|S&P GLOBALS|S&P Globals|S&P Global|SPGI
CRM,Salesforce|CRM|SALESFORCE|$CRM|Salesforces|$CRMs|CRMs|SALESFORCES|salesforce|salesforces
SBAC,$SBACs|sba communications|SBA COMMUNICATIONS|SBA Communications|SBAC|SBACs|$SBAC
SLB,$SLB|SLBs|SLB|Schlumbergers|SCHLUMBERGER|schlumbergers|SCHLUMBERGERS|schlumberger|Schlumberger|$SLBs
STX,$STXs|Seagate Technologys|STXs|$STX|SEAGATE TECHNOLOGYS|SEAGATE TECHNOLOGY|Seagate Technology|seagate technologys|STX|seagate technology
SRE,sempras|SEMPRA|SREs|Sempra|$SRE|SEMPRAS|$SREs|sempra|Sempras|SRE
NOW,SERVICENOW|servicenow|ServiceNows|servicenows|SERVICENOWS|NOWs|NOW|$NOW|ServiceNow|$NOWs
SHW,SHERWIN WILLIAMS|Sherwin-Williams|$SHWs|SHWs|SHW|sherwin-williams|SHERWIN-WILLIAMS|sherwin williams|$SHW|Sherwin Williams
SPG,SIMON PROPERTY|Simon Property Groups|SIMON PROPERTYS|simon property group|simon propertys|Simon Propertys|simon property|SPG|$SPG|SPGs|SIMON PROPERTY GROUP|simon property groups|Simon Property|Simon Property Group|SIMON PROPERTY GROUPS|$SPGs
SWKS,SKYWORKS SOLUTIONS|SWKSs|$SWKSs|skyworks solutions|SWKS|$SWKS|Skyworks Solutions
SJM,JM Smucker|J.M. Smucker Company (The)|$SJMs|JM Smuckers|J.M. SMUCKER COMPANY (THE)|JM SMUCKER|SJMs|j.m. smucker company (the)s|JM SMUCKERS|j.m. smucker company (the)|$SJM|jm smucker|SJM|J.M. Smucker Company (The)s|jm smuckers|J.M. SMUCKER COMPANY (THE)S
SW,SW|SWs|smurfit westrock|$SWs|Smurfit WestRocks|SMURFIT WESTROCK|SMURFIT WESTROCKS|$SW|smurfit westrocks|Smurfit WestRock
SNA,SNA|SNAs|$SNA|$SNAs|Snap-on|snap-on|SNAP-ON|Snap-ons|snap-ons|SNAP-ONS
SOLV,SOLV|$SOLVs|solventums|SOLVs|Solventums|Solventum|solventum|$SOLV|SOLVENTUM|SOLVENTUMS
SO,SO|SOs|$SO|$SOs|Southern Company|southern company|SOUTHERN COMPANY|Southern Companys|southern companys|SOUTHERN COMPANYS
LUV,Southwest Airlines|SOUTHWEST AIRLINES|LUV|$LUV|$LUVs|southwest airlines|LUVs
SWK,Stanley Black & Decker|STANLEY BLACK & DECKERS|STANLEY BLACK DECKER|Stanley Black Decker|$SWKs|stanley black decker|STANLEY BLACK DECKERS|SWKs|$SWK|stanley black & deckers|stanley black deckers|STANLEY BLACK & DECKER|stanley black & decker|Stanley Black & Deckers|SWK|Stanley Black Deckers
SBUX,$SBUX|$SBUXs|SBUXs|Starbucks|STARBUCKS|starbucks|SBUX
STT,$STT|State Street Corporations|State Street Corporation|state street|State Streets|STATE STREETS|state street corporation|STATE STREET CORPORATIONS|STT|STTs|STATE STREET CORPORATION|STATE STREET|$STTs|state streets|State Street|state street corporations
STLD,STLDs|steel dynamics|$STLD|$STLDs|STEEL DYNAMICS|Steel Dynamics|STLD
STE,$STEs|$STE|STEs|steris|STERIS|Steris|STE
SYK,Stryker Corporation|stryker|STRYKER CORPORATION|stryker corporation|SYK|SYKs|Stryker|STRYKER|STRYKERS|strykers|stryker corporations|Strykers|STRYKER CORPORATIONS|$SYKs|Stryker Corporations|$SYK
SMCI,SUPERMICROS|supermicro|SMCIs|SMCI|$SMCIs|$SMCI|Supermicros|SUPERMICRO|supermicros|Supermicro
SYF,SYNCHRONY FINANCIALS|Synchrony Financial|SYFs|SYF|SYNCHRONY FINANCIAL|synchrony financial|$SYF|synchrony financials|$SYFs|Synchrony Financials
SNPS,$SNPSs|synopsys|Synopsys|SYNOPSYS|$SNPS|SNPS|SNPSs
SYY,$SYYs|sysco|$SYY|syscos|SYSCO|SYSCOS|SYYs|SYY|Sysco|Syscos
TMUS,$TMUSs|TMUSs|T-MOBILE US|T Mobile|T Mobiles|t mobiles|T-Mobile USs|T MOBILES|T MOBILE|T-MOBILE USS|T-Mobile US|t-mobile uss|TMUS|t-mobile us|$TMUS|t mobile
TROW,T. Rowe Price|T. Rowe Prices|T. ROWE PRICES|$TROWs|t. rowe price|t. rowe prices|TROWs|TROW|$TROW|T. ROWE PRICE
TTWO,TTWO|TAKE-TWO INTERACTIVE|take two|Take Twos|TAKE-TWO INTERACTIVES|take-two interactive|Take-Two Interactive|take-two interactives|TAKE TWOS|$TTWO|Take Two|TTWOs|TAKE TWO|Take-Two Interactives|$TTWOs|take twos
TPR,"tapestry, inc.|TAPESTRYS|$TPR|$TPRs|TAPESTRY|TPR|Tapestry, Inc.|Tapestry, Inc.s|Tapestrys|TPRs|tapestrys|tapestry, inc.s|tapestry|TAPESTRY, INC.S|TAPESTRY, INC.|Tapestry"
TRGP,$TRGPs|TRGPs|TRGP|targa resources|TARGA RESOURCES|Targa Resources|$TRGP
TGT,TGT|TARGET CORPORATION|target|$TGT|TARGET|TARGETS|Target Corporation|$TGTs|targets|Target Corporations|target corporations|Targets|TARGET CORPORATIONS|Target|TGTs|target corporation
TEL,te connectivitys|$TELs|te connectivity|TE Connectivitys|TELs|TE CONNECTIVITY|TE CONNECTIVITYS|TE Connectivity|TEL|$TEL
TDY,TELEDYNE TECHNOLOGIES|TDY|Teledyne Technologies|teledyne technologies|$TDY|$TDYs|TDYs
TFX,$TFX|teleflexs|teleflex|TELEFLEX|$TFXs|Teleflex|TELEFLEXS|Teleflexs|TFXs|TFX
TER,$TER|TERADYNES|Teradyne|TER|teradyne|TERADYNE|$TERs|TERs|teradynes|Teradynes
TSLA,"$TSLA|tesla, inc.|tesla, inc.s|Tesla, Inc.|Teslas|Tesla|TESLA, INC.S|Tesla, Inc.s|tesla|TSLAs|TESLAS|TSLA|TESLA, INC.|teslas|TESLA|$TSLAs"
TXN,TXNs|texas instruments|$TXNs|$TXN|Texas Instruments|TXN|TEXAS INSTRUMENTS
TPL,Texas Pacific Land Corporation|Texas Pacific Land Corporations|TEXAS PACIFIC LAND CORPORATIONS|texas pacific land|texas pacific lands|texas pacific land corporation|Texas Pacific Land|TPLs|texas pacific land corporations|$TPLs|TEXAS PACIFIC LAND CORPORATION|Texas Pacific Lands|TEXAS PACIFIC LAND|TPL|TEXAS PACIFIC LANDS|$TPL
TXT,Textron|TXT|TEXTRONS|textron|TXTs|Textrons|$TXT|TEXTRON|textrons|$TXTs
TMO,thermo fisher scientifics|TMOs|TMO|$TMO|thermo fisher scientific|Thermo Fisher Scientifics|THERMO FISHER SCIENTIFIC|THERMO FISHER SCIENTIFICS|Thermo Fisher Scientific|$TMOs
TJX,tjx companies|$TJX|TJXs|tjx|TJX Companies|tjxs|TJXS|TJX COMPANIES|$TJXs|TJX
TSCO,tractor supplys|TRACTOR SUPPLYS|$TSCO|TSCO|Tractor Supplys|tractor supply|TRACTOR SUPPLY|TSCOs|Tractor Supply|$TSCOs
TT,Trane Technologies|TRANE TECHNOLOGIES|$TT|TT|$TTs|trane technologies|TTs
TDG,transdigm groups|transdigm group|TDG|TDGs|TRANSDIGM GROUP|TransDigm Group|TRANSDIGMS|TransDigms|transdigms|$TDGs|transdigm|TransDigm Groups|TransDigm|TRANSDIGM GROUPS|TRANSDIGM|$TDG
TRV,travelers|travelers companies (the)|Travelers|TRV|Travelers Companies (The)|TRAVELERS|$TRVs|$TRV|TRAVELERS COMPANIES (THE)S|travelers companies (the)s|Travelers Companies (The)s|TRAVELERS COMPANIES (THE)|TRVs
TRMB,Trimbles|$TRMB|Trimble Inc.s|TRIMBLE INC.|TRMBs|$TRMBs|TRIMBLE INC.S|trimbles|TRIMBLES|Trimble Inc.|TRMB|trimble inc.s|TRIMBLE|trimble|trimble inc.|Trimble
TFC,Truist Financials|TFCs|Truist Financial|$TFCs|$TFC|truist financial|TRUIST FINANCIALS|TRUIST FINANCIAL|TFC|truist financials
TYL,$TYL|TYLs|Tyler Technologies|TYLER TECHNOLOGIES|tyler technologies|TYL|$TYLs
TSN,TYSON FOODS|TSNs|Tyson Foods|tyson foods|TSN|$TSNs|$TSN
USB,USBs|USB|U.S. Bancorp|u.s. bancorps|U.S. BANCORPS|$USB|U.S. Bancorps|U.S. BANCORP|u.s. bancorp|$USBs
UBER,$UBERs|UBERS|$UBER|Uber|Ubers|ubers|UBERs|uber|UBER
UDR,"udrs|UDR, INC.|udr, inc.s|UDR|UDRS|UDRs|UDR, INC.S|$UDR|$UDRs|udr|UDR, Inc.|UDR, Inc.s|udr, inc."
ULTA,$ULTA|ULTAs|ulta beauty|Ulta Beautys|$ULTAs|Ulta Beauty|ULTA BEAUTY|ulta beautys|ULTA BEAUTYS|ULTA
UNP,Union Pacific|union pacifics|UNION PACIFIC CORPORATIONS|$UNP|union pacific corporation|union pacific|UNION PACIFIC|$UNPs|Union Pacific Corporations|Union Pacific Corporation|UNP|union pacific corporations|UNION PACIFIC CORPORATION|Union Pacifics|UNPs|UNION PACIFICS
UAL,$UAL|UALs|$UALs|UAL|UNITED AIRLINES HOLDINGS|United Airlines Holdings|united airlines holdings
UPS,United Parcel Service|$UPS|united parcel service|UNITED PARCEL SERVICE|$UPSs|United Parcel Services|UNITED PARCEL SERVICES|united parcel services|UPSs|UPS
URI,URIs|UNITED RENTALS|URI|$URIs|$URI|United Rentals|united rentals
UNH,UNITEDHEALTH GROUP|UNITEDHEALTH|UNITEDHEALTHS|UnitedHealth Group|unitedhealth groups|unitedhealth group|UNITEDHEALTH GROUPS|UnitedHealth|UNHs|UnitedHealth Groups|UnitedHealths|unitedhealths|$UNHs|unitedhealth|$UNH|UNH
UHS,UHS|UHSs|universal health services|Universal Health Services|$UHS|$UHSs|UNIVERSAL HEALTH SERVICES
VLO,VLO|$VLOs|Valero Energy|Valero Energys|VLOs|valero energy|$VLO|VALERO ENERGY|VALERO ENERGYS|valero energys
VTR,ventas|VENTAS|VTR|$VTRs|Ventas|VTRs|$VTR
VLTO,veralto|VLTOs|veraltos|$VLTOs|$VLTO|Veraltos|Veralto|VERALTOS|VLTO|VERALTO
VRSN,Verisign|VERISIGNS|$VRSNs|VRSN|verisigns|VRSNs|$VRSN|VERISIGN|Verisigns|verisign
VRSK,VRSKs|$VRSKs|$VRSK|VERISK ANALYTICS|VRSK|Verisk Analytics|verisk analytics
VZ,VERIZON|$VZ|Verizons|VZ|VZs|verizons|Verizon|verizon|$VZs|VERIZONS
VRTX,VRTX|$VRTXs|VRTXs|$VRTX|vertex pharmaceuticals|Vertex Pharmaceuticals|VERTEX PHARMACEUTICALS
VTRS,VTRSs|VIATRIS|Viatris|$VTRSs|viatris|$VTRS|VTRS
VICI,VICI|$VICIs|Vici Properties|$VICI|vici properties|VICIs|VICI PROPERTIES
V,$Vs|visa inc.|visa inc.s|visas|VISA INC.|Visa Inc.|$V|Visa Inc.s|visa|VISAS|Visa|VISA|Visas|V|Vs|VISA INC.S
VST,VISTRAS|Vistra Corp.|VISTRA CORP.S|vistra corp.s|Vistra Corp.s|Vistras|vistra corp.|VSTs|vistras|$VSTs|VISTRA CORP.|VISTRA|$VST|Vistra|VST|vistra
VMC,vulcan materials|$VMCs|VULCAN MATERIALS COMPANYS|Vulcan Materials Company|vulcan materials company|$VMC|VULCAN MATERIALS COMPANY|vulcan materials companys|Vulcan Materials|VMCs|Vulcan Materials Companys|VULCAN MATERIALS|VMC
WRB,W R BERKLEY|W R Berkley|WRB|W. R. Berkley Corporation|W. R. Berkley Corporations|$WRBs|W. R. BERKLEY CORPORATION|W R BERKLEYS|w r berkleys|W. R. BERKLEY CORPORATIONS|w. r. berkley corporation|w r berkley|WRBs|W R Berkleys|w. r. berkley corporations|$WRB
GWW,$GWWs|w w graingers|W. W. GRAINGERS|$GWW|W W Graingers|W W GRAINGER|W W GRAINGERS|W W Grainger|W. W. Grainger|w. w. grainger|W. W. GRAINGER|W. W. Graingers|w w grainger|w. w. graingers|GWW|GWWs
WAB,$WAB|WABs|wabtec|WAB|WABTECS|Wabtecs|wabtecs|Wabtec|$WABs|WABTEC
WBA,$WBAs|walgreens boots alliances|$WBA|walgreens boots alliance|WALGREENS BOOTS ALLIANCES|WBAs|WBA|Walgreens Boots Alliance|WALGREENS BOOTS ALLIANCE|Walgreens Boots Alliances
WMT,Walmart|$WMT|$WMTs|WALMARTS|WALMART|WMT|walmarts|Walmarts|walmart|WMTs
DIS,Walt Disney Company (The)|$DIS|Disneys|Disney|DIS|disney|DISNEYS|Walt Disney Company (The)s|$DISs|DISs|walt disney company (the)s|disneys|WALT DISNEY COMPANY (THE)S|DISNEY|WALT DISNEY COMPANY (THE)|walt disney company (the)
WBD,$WBDs|Warner Bros. Discovery|WARNERS|warner bros. discovery|Warner|DISCOVERY|warners|Warner Bros. Discoverys|warner bros. discoverys|Discoverys|Warners|DISCOVERYS|warner|WARNER BROS. DISCOVERY|$WBD|discovery|WBDs|WARNER|discoverys|Discovery|WBD|WARNER BROS. DISCOVERYS
WM,WM|WMs|$WM|$WMs|Waste Management|waste management|WASTE MANAGEMENT|Waste Managements|waste managements|WASTE MANAGEMENTS
WAT,WAT|WATs|$WAT|$WATs|Waters Corporation|waters corporation|WATERS CORPORATION|Waters Corporations|waters corporations|WATERS CORPORATIONS
WEC,wec energy|WEC ENERGY|$WECs|$WEC|WEC ENERGYS|WECs|WEC Energy Group|wec energys|WEC ENERGY GROUP|WEC Energy|wec energy groups|WEC Energys|WEC Energy Groups|WEC|WEC ENERGY GROUPS|wec energy group
WFC,Wells Fargo|$WFCs|WELLS FARGOS|WELLS FARGO|wells fargo|WFCs|wells fargos|$WFC|Wells Fargos|WFC
WELL,WELLTOWERS|WELL|welltower|welltowers|$WELLs|WELLTOWER|$WELL|Welltower|WELLs|Welltowers
WST,west pharmaceutical services|WST|West Pharmaceutical Services|WSTs|WEST PHARMACEUTICAL SERVICES|$WSTs|$WST
WDC,WDCs|Western Digital|WESTERN DIGITAL|western digitals|WESTERN DIGITALS|Western Digitals|western digital|$WDC|$WDCs|WDC
WY,$WY|Weyerhaeusers|WEYERHAEUSER|weyerhaeuser|WEYERHAEUSERS|Weyerhaeuser|WYs|WY|weyerhaeusers|$WYs
WMB,WMB|WMBs|$WMB|$WMBs|Williams Companies|williams companies|WILLIAMS COMPANIES
WTW,Willis Towers Watsons|$WTWs|WTW|willis towers watsons|willis towers watson|WILLIS TOWERS WATSONS|$WTW|WILLIS TOWERS WATSON|WTWs|Willis Towers Watson
WYNN,Wynn Resorts|WYNN|WYNNs|wynn resorts|$WYNN|$WYNNs|WYNN RESORTS
XEL,XELs|Xcel Energy|xcel energy|XCEL ENERGY|XCEL ENERGYS|$XEL|$XELs|xcel energys|Xcel Energys|XEL
XYL,xylem|xylems|XYLEM|XYLEMS|Xylem|$XYL|Xylem Inc.s|XYLEM INC.|xylem inc.s|Xylem Inc.|XYL|$XYLs|xylem inc.|XYLEM INC.S|XYLs|Xylems
YUM,YUM|YUMs|$YUM|$YUMs|Yum! Brands|yum! brands|YUM! BRANDS
ZBRA,$ZBRAs|$ZBRA|zebra technologies|ZEBRA TECHNOLOGIES|ZBRAs|Zebra Technologies|ZBRA
ZBH,zimmer biomets|Zimmer Biomet|ZIMMER BIOMETS|ZBHs|Zimmer Biomets|ZIMMER BIOMET|zimmer biomet|ZBH|$ZBH|$ZBHs
ZTS,$ZTSs|ZOETIS|$ZTS|ZTS|zoetis|ZTSs|Zoetis
GME,GameStop Corporations|GAMESTOP|GameStops|gamestop corporation|$GMEs|GameStop Corporation|gamestop corporations|GMEs|GAMESTOPS|gamestops|GAMESTOP CORPORATIONS|$GME|GameStop|GAMESTOP CORPORATION|gamestop|GME
