symbol,search_terms
MMM,3M|3ms|$MMMs|MMM|3Ms|$MMM|3MS|3m|MMMs
AOS,AO SMITH|A.O. Smith|a o smiths|a. o. smiths|a.o. smiths|AOSs|A. O. Smith|A.O. SMITHS|$AOS|a o smith|A O SMITH|A.O. Smiths|ao smith|AOS|ao smiths|A. O. SMITHS|AO Smith|a.o. smith|AO Smiths|A O Smiths|A. O. Smiths|A. O. SMITH|A O SMITHS|$AOSs|A.O. SMITH|a. o. smith|AO SMITHS|A O Smith
ABT,ABT|Abbott Laboratories|abbott laboratories|$ABTs|ABBOTT LABORATORIES|ABTs|$ABT
ABBV,abbvies|abbvie|ABBVs|$ABBVs|ABBV|$ABBV|AbbVie|ABBVIE|AbbVies|ABBVIES
ACN,Accenture|Accentures|$ACNs|accenture|ACCENTURE|ACN|ACNs|accentures|ACCENTURES|$ACN
ADBE,ADBEs|Adobe|Adobes|$ADBEs|ADOBES|ADOBE INC.|Adobe Inc.s|adobes|ADOBE INC.S|ADBE|adobe|adobe inc.|adobe inc.s|ADOBE|$ADBE|Adobe Inc.
AMD,$AMDs|$AMD|AMDS|AMDs|ADVANCED MICRO DEVICES|Advanced Micro Devices|AMD|amd|amds|advanced micro devices
AES,$AESs|AES|$AES|aes corporations|aess|aes corporation|AES Corporations|AES CORPORATIONS|aes|AES CORPORATION|AES Corporation|AESs|AESS
AFL,$AFLs|$AFL|aflacs|AFLAC|Aflacs|aflac|AFLACS|Aflac
A,$As|Agilents|agilent technologies|AGILENTS|AGILENT TECHNOLOGIES|agilent|$A|AGILENT|agilents|Agilent Technologies|Agilent
APD,APDs|air products|Air Products|$APDs|APD|$APD|AIR PRODUCTS
ABNB,Airbnbs|AIRBNBS|ABNBs|airbnb|AIRBNB|Airbnb|ABNB|$ABNBs|airbnbs|$ABNB
AKAM,AKAMs|$AKAMs|akamais|akamai technologies|Akamai|AKAM|akamai|Akamai Technologies|$AKAM|AKAMAI|Akamais|AKAMAI TECHNOLOGIES|AKAMAIS
ALB,albemarles|albemarle corporation|$ALBs|Albemarle Corporations|Albemarle Corporation|ALBEMARLE|ALBEMARLES|albemarle corporations|ALB|albemarle|$ALB|ALBs|Albemarle|Albemarles|ALBEMARLE CORPORATIONS|ALBEMARLE CORPORATION
ARE,alexandria real estate|$ARE|ALEXANDRIA REAL ESTATE|Alexandria Real Estates|ALEXANDRIA REAL ESTATES|ALEXANDRIA REAL ESTATE EQUITIES|alexandria real estate equities|alexandria real estates|$AREs|Alexandria Real Estate|Alexandria Real Estate Equities
ALGN,$ALGNs|align technology|ALGN|ALIGN TECHNOLOGY|ALGNs|align technologys|$ALGN|ALIGN TECHNOLOGYS|Align Technology|Align Technologys
ALLE,ALLE|allegions|ALLEs|Allegion|ALLEGION|$ALLEs|ALLEGIONS|$ALLE|Allegions|allegion
LNT,$LNT|LNTs|alliant energy|$LNTs|ALLIANT ENERGY|Alliant Energys|ALLIANT ENERGYS|Alliant Energy|LNT|alliant energys
ALL,Allstate|Allstates|$ALLs|ALLSTATES|$ALL|allstate|ALLSTATE|allstates
GOOGL,alphabet inc. (class a)|ALPHABET INC. (CLASS A)|$GOOGL|GOOGLE|GOOGLs|ALPHABET|ALPHABETS|Alphabets|$GOOGLs|ALPHABET INC. (CLASS A)S|googles|Alphabet Inc. (Class A)s|Googles|Alphabet Inc. (Class A)|alphabet|Google|GOOGLES|google|alphabets|GOOGL|alphabet inc. (class a)s|Alphabet
GOOG,Alphabet Inc. (Class C)s|GOOG|$GOOGs|ALPHABET INC. (CLASS C)S|Alphabet Inc. (Class C)|GOOGLE|$GOOG|ALPHABET|ALPHABETS|Alphabets|ALPHABET INC. (CLASS C)|googles|Googles|GOOGs|alphabet|Google|alphabet inc. (class c)s|GOOGLES|google|alphabet inc. (class c)|alphabets|Alphabet
MO,MOs|altrias|$MOs|$MO|altria|ALTRIA|Altria|Altrias|ALTRIAS|MO
AMZN,amazons|AMAZONS|AMAZON|AMZNs|$AMZN|Amazon|AMZN|Amazons|$AMZNs|amazon
AMCR,amcor|AMCOR|AMCORS|AMCRs|amcors|$AMCRs|Amcors|AMCR|Amcor|$AMCR
AMTM,$AMTMs|AMTMs|$AMTM|AMTM|AMENTUMS|amentums|Amentums|amentum|AMENTUM|Amentum
AEE,Amerens|AEE|AEEs|amerens|$AEEs|Ameren|ameren|AMERENS|$AEE|AMEREN
AEP,$AEPs|American Electric Powers|AEP|American Electric Power|AEPs|AMERICAN ELECTRIC POWERS|$AEP|american electric power|american electric powers|AMERICAN ELECTRIC POWER
AXP,American Express|AXP|$AXP|$AXPs|AMERICAN EXPRESS|american express|AXPs
AIG,American International Group|american international|AIGs|AMERICAN INTERNATIONAL GROUP|AMERICAN INTERNATIONALS|american international group|American International Groups|AMERICAN INTERNATIONAL|american international groups|American Internationals|AIG|American International|$AIGs|american internationals|AMERICAN INTERNATIONAL GROUPS|$AIG
AMT,AMTs|american tower|AMT|american towers|AMERICAN TOWERS|AMERICAN TOWER|American Towers|$AMTs|American Tower|$AMT
AWK,$AWK|american water works|$AWKs|American Water Works|AWK|AMERICAN WATER WORKS|AWKs
AMP,AMERIPRISE FINANCIALS|AMPs|Ameriprise Financials|$AMP|Ameriprise Financial|ameriprise financial|AMERIPRISE FINANCIAL|$AMPs|AMP|ameriprise financials
AME,Ametek|AMETEKS|$AMEs|AMEs|ameteks|Ameteks|AMETEK|AME|ametek|$AME
AMGN,AMGENS|Amgen|amgens|$AMGNs|AMGN|AMGEN|amgen|AMGNs|$AMGN|Amgens
APH,Amphenol|$APHs|AMPHENOLS|APH|AMPHENOL|$APH|APHs|Amphenols|amphenols|amphenol
ADI,ADI|ADIs|$ADI|$ADIs|Analog Devices|analog devices|ANALOG DEVICES
ANSS,Ansys|ANSYS|$ANSS|ANSSs|ansys|$ANSSs|ANSS
AON,$AONs|aons|$AON|AON|Aons|aon|Aon|AONS|AONs
APA,APA Corporations|APAS|$APA|apa corporations|APAs|APA|$APAs|APA CORPORATIONS|apa corporation|apa|apas|APA Corporation|APA CORPORATION
AAPL,apple inc.s|apple|APPLE INC.S|$AAPLs|AAPL|apple inc.|AAPLs|apples|APPLES|Apples|$AAPL|APPLE|Apple Inc.|Apple Inc.s|Apple|APPLE INC.
AMAT,$AMATs|applied materials|APPLIED MATERIALS|AMATs|Applied Materials|AMAT|$AMAT
APTV,$APTV|APTIVS|Aptiv|Aptivs|aptiv|APTV|aptivs|$APTVs|APTVs|APTIV
ACGL,ARCH CAPITAL|Arch Capital Groups|ARCH CAPITALS|$ACGL|$ACGLs|Arch Capital Group|ACGLs|arch capital group|arch capitals|ARCH CAPITAL GROUP|Arch Capitals|arch capital|arch capital groups|ACGL|ARCH CAPITAL GROUPS|Arch Capital
ADM,archer daniels midland|$ADM|archer daniels midlands|ADMs|ARCHER DANIELS MIDLAND|$ADMs|Archer Daniels Midlands|ADM|ARCHER DANIELS MIDLANDS|Archer Daniels Midland
ANET,$ANET|ANET|$ANETs|ARISTA NETWORKS|arista networks|Arista Networks|ANETs
AJG,Arthur J. Gallagher & Co.|arthur j. gallagher & co.s|$AJG|ARTHUR J. GALLAGHER & CO.|arthur j gallagher|$AJGs|AJG|ARTHUR J. GALLAGHER & CO.S|ARTHUR J GALLAGHER|Arthur J Gallaghers|ARTHUR J GALLAGHERS|AJGs|arthur j gallaghers|Arthur J Gallagher|arthur j. gallagher & co.|Arthur J. Gallagher & Co.s
AIZ,Assurant|AIZ|ASSURANTS|$AIZ|$AIZs|ASSURANT|Assurants|assurants|AIZs|assurant
T,at&t|AT&TS|$T|at&ts|AT&T|$Ts|AT&Ts
ATO,$ATOs|ATO|atmos energy|Atmos Energy|ATOs|ATMOS ENERGY|ATMOS|$ATO|atmos|ATMOS ENERGYS|atmos energys|Atmos|Atmos Energys
ADSK,ADSK|Autodesks|$ADSKs|Autodesk|autodesk|AUTODESK|$ADSK|AUTODESKS|autodesks|ADSKs
ADP,$ADPs|ADPs|automatic data processing|automatic data processings|ADP|AUTOMATIC DATA PROCESSINGS|$ADP|Automatic Data Processings|Automatic Data Processing|AUTOMATIC DATA PROCESSING
AZO,AZO|AutoZones|AUTOZONES|AZOs|AUTOZONE|$AZO|AutoZone|$AZOs|autozones|autozone
AVB,AvalonBay Communities|avalonbays|$AVB|AVBs|avalonbay|avalonbay communities|AvalonBay|AVALONBAY COMMUNITIES|AVALONBAY|$AVBs|AVALONBAYS|AVB|AvalonBays
AVY,AVERY DENNISON|AVYs|Avery Dennisons|AVY|Avery Dennison|$AVYs|avery dennisons|AVERY DENNISONS|avery dennison|$AVY
AXON,axon enterprise|axon|AXON ENTERPRISE|Axon|Axons|$AXON|AXONs|$AXONs|AXON ENTERPRISES|AXON|axon enterprises|Axon Enterprises|Axon Enterprise|axons|AXONS
BKR,$BKR|BAKER HUGHES|Baker Hughes|$BKRs|BKRs|baker hughes|BKR
BALL,BALL|BALLs|$BALL|$BALLs|Ball Corporation|ball corporation|BALL CORPORATION|Ball Corporations|ball corporations|BALL CORPORATIONS
BAC,BofA|BOFAS|Bank of America|$BAC|$BACs|Bank of Americas|bank of americas|BofAs|bofas|BANK OF AMERICA|BACs|BAC|BANK OF AMERICAS|bank of america|bofa|BOFA
BAX,BAX|BAXTER INTERNATIONALS|$BAXs|$BAX|BAXs|Baxter International|baxter international|baxter internationals|Baxter Internationals|BAXTER INTERNATIONAL
BDX,Becton Dickinson|Becton Dickinsons|becton dickinsons|becton dickinson|$BDX|BDX|$BDXs|BDXs|BECTON DICKINSON|BECTON DICKINSONS
BRK.B,Berkshire|$BRK.B|Berkshire Hathaway|BRK.Bs|BERKSHIRE HATHAWAY|BERKSHIRE HATHAWAYS|berkshire hathaway|berkshire hathaways|$BRK.Bs|BERKSHIRES|BRK.B|Berkshire Hathaways|BERKSHIRE|Berkshires|berkshire|berkshires
BBY,$BBYs|Best Buy|best buy|$BBY|best buys|BBY|BBYs|BEST BUY|BEST BUYS|Best Buys
TECH,TECHs|bio-technes|Bio-Techne|Bio Techne|TECH|BIO TECHNES|bio techne|Bio-Technes|bio-techne|BIO-TECHNE|Bio Technes|BIO-TECHNES|$TECH|BIO TECHNE|bio technes|$TECHs
BIIB,Biogens|Biogen|BIOGENS|$BIIBs|biogens|BIIB|BIIBs|BIOGEN|biogen|$BIIB
BLK,BLKs|$BLK|blackrocks|BLACKROCK|BlackRocks|BLK|BlackRock|$BLKs|BLACKROCKS|blackrock
BX,$BXs|Blackstone|BLACKSTONE INC.S|BLACKSTONE|blackstone inc.|$BX|blackstone|BXs|BX|BLACKSTONE INC.|Blackstone Inc.s|blackstones|BLACKSTONES|Blackstone Inc.|Blackstones|blackstone inc.s
BK,bny mellons|BNY Mellons|BNY MELLON|BNY MELLONS|BK|BNY Mellon|$BKs|bny mellon|BKs|$BK
BA,Boeing|boeings|$BAs|$BA|BOEINGS|Boeings|BOEING|boeing
BKNG,BKNGs|BOOKING.COMS|booking.com|Booking Holdings|$BKNGs|BKNG|booking.coms|Booking.com|Booking.coms|BOOKING HOLDINGS|BOOKING.COM|$BKNG|booking holdings
BWA,BorgWarner|borgwarner|borgwarners|BWAs|BORGWARNERS|$BWAs|$BWA|BorgWarners|BORGWARNER|BWA
BSX,boston scientifics|BOSTON SCIENTIFIC|Boston Scientific|boston scientific|BSX|BOSTON SCIENTIFICS|$BSXs|Boston Scientifics|BSXs|$BSX
BMY,Bristol Myers Squibbs|$BMYs|$BMY|BMY|bristol myers squibb|BRISTOL MYERS SQUIBB|BMYs|Bristol Myers Squibb|BRISTOL MYERS SQUIBBS|bristol myers squibbs
AVGO,BROADCOMS|Broadcoms|broadcoms|BROADCOM|AVGOs|AVGO|broadcom|$AVGOs|Broadcom|$AVGO
BR,$BRs|BR|Broadridge Financial Solutions|$BR|broadridge financial solutions|BROADRIDGE FINANCIAL SOLUTIONS|BRs
BRO,brown & brown|$BROs|BROWN & BROWNS|Brown & Brown|BROWN & BROWN|$BRO|Brown & Browns|brown & browns|BRO|BROs
BF.B,BROWN–FORMANS|Brown–Forman|brown–formans|BF.B|$BF.B|$BF.Bs|Brown–Formans|BROWN FORMAN|brown–forman|BROWN FORMANS|brown forman|brown formans|Brown Formans|BROWN–FORMAN|Brown Forman|BF.Bs
BLDR,builders firstsources|BUILDERS FIRSTSOURCES|BLDRs|$BLDRs|BUILDERS FIRSTSOURCE|BLDR|builders firstsource|Builders FirstSource|Builders FirstSources|$BLDR
BG,BG|BUNGE GLOBALS|Bunge Global|bunge global|$BG|$BGs|bunge globals|BGs|Bunge Globals|BUNGE GLOBAL
BXP,"$BXP|BXP, INC.|BXPs|$BXPs|bxp|bxps|BXPS|bxp, inc.s|bxp, inc.|BXP|BXP, INC.S|BXP, Inc.s|BXP, Inc."
CHRW,CHRW|CHRWs|C.H. Robinson|c.h. robinsons|c.h. robinson|C.H. ROBINSON|$CHRW|$CHRWs|C.H. Robinsons|C.H. ROBINSONS
CDNS,CADENCE DESIGN SYSTEMS|$CDNS|Cadence Design Systems|CDNSs|cadence design systems|$CDNSs|CDNS
CZR,$CZRs|$CZR|CZR|Caesars Entertainments|caesars entertainments|CZRs|CAESARS ENTERTAINMENT|Caesars Entertainment|CAESARS ENTERTAINMENTS|caesars entertainment
CPT,CPT|CAMDEN PROPERTY TRUST|$CPTs|camden property trust|Camden Property Trust|$CPT|camden property trusts|Camden Property Trusts|CAMDEN PROPERTY TRUSTS|CPTs
CPB,CAMPBELL SOUP|$CPB|CAMPBELL SOUP COMPANY|Campbell Soups|Campbell Soup Companys|campbell soup|Campbell Soup|CPBs|campbell soup company|campbell soup companys|CPB|CAMPBELL SOUP COMPANYS|campbell soups|CAMPBELL SOUPS|Campbell Soup Company|$CPBs
COF,CAPITAL ONES|CAPITAL ONE|$COF|capital one|capital ones|Capital Ones|COF|Capital One|$COFs|COFs
CAH,CARDINAL HEALTH|cardinal health|CAH|CARDINAL HEALTHS|CAHs|$CAH|cardinal healths|Cardinal Health|$CAHs|Cardinal Healths
KMX,KMX|KMXs|$KMX|CARMAXS|CARMAX|CarMaxs|carmax|CarMax|carmaxs|$KMXs
CCL,CCLs|Carnivals|CCL|$CCLs|carnivals|Carnival|CARNIVALS|carnival|CARNIVAL|$CCL
CARR,$CARRs|CARRs|CARRIER GLOBAL|carrier globals|carrier global|Carrier Globals|Carrier Global|CARRIER GLOBALS|$CARR|CARR
CAT,Caterpillar Inc.s|caterpillars|CAT|CATERPILLAR INC.|caterpillar inc.s|Caterpillar Inc.|Caterpillar|CATs|Caterpillars|$CATs|caterpillar|caterpillar inc.|CATERPILLARS|CATERPILLAR INC.S|$CAT|CATERPILLAR
CBOE,cboes|CBOE|cboe|cboe global markets|$CBOEs|Cboe|$CBOE|Cboe Global Markets|CBOES|Cboes|CBOE GLOBAL MARKETS|CBOEs
CBRE,CBREs|CBRE|cbre groups|CBRES|CBRE Group|CBRE GROUP|cbre|CBRE GROUPS|cbres|$CBREs|$CBRE|CBRE Groups|cbre group
CDW,CDW|cdws|cdw|CDWS|CDWs|$CDW|$CDWs
CE,celanese|CELANESE|CELANESES|celaneses|$CEs|Celanese|CE|$CE|Celaneses|CEs
COR,Cencora|$CORs|CENCORA|$COR|Cencoras|CORs|CENCORAS|COR|cencoras|cencora
CNC,CENTENE CORPORATIONS|centene|$CNC|$CNCs|Centene Corporations|CNC|CENTENE|CNCs|Centene Corporation|CENTENE CORPORATION|Centene|centenes|Centenes|centene corporation|centene corporations|CENTENES
CNP,CENTERPOINTS|CNP|centerpoints|CenterPoints|CenterPoint Energys|$CNPs|CenterPoint Energy|$CNP|CENTERPOINT ENERGYS|centerpoint|CENTERPOINT ENERGY|centerpoint energy|CNPs|centerpoint energys|CenterPoint|CENTERPOINT
CF,$CF|CF INDUSTRIES|cf industries|CF|CFs|CF Industries|$CFs
CRL,$CRL|charles rivers|CHARLES RIVER LABORATORIES|charles river|CHARLES RIVER|Charles River|CRLs|charles river laboratories|Charles Rivers|Charles River Laboratories|CRL|$CRLs|CHARLES RIVERS
SCHW,$SCHW|Charles Schwab Corporation|Schwab|charles schwab corporation|schwabs|SCHWs|SCHWABS|CHARLES SCHWAB CORPORATION|schwab|SCHW|CHARLES SCHWAB CORPORATIONS|SCHWAB|$SCHWs|Schwabs|Charles Schwab Corporations|charles schwab corporations
CHTR,CHARTER COMMUNICATIONS|CHTRs|Charter Communications|CHTR|charter communications|$CHTRs|$CHTR
CVX,Chevron Corporations|CHEVRON CORPORATIONS|CHEVRON|chevron|CVX|CHEVRON CORPORATION|Chevron|chevrons|CVXs|$CVX|chevron corporation|chevron corporations|Chevrons|$CVXs|CHEVRONS|Chevron Corporation
CMG,CHIPOTLE|CHIPOTLE MEXICAN GRILLS|CHIPOTLE MEXICAN GRILL|$CMG|chipotle|chipotles|Chipotles|Chipotle Mexican Grill|CMG|Chipotle|chipotle mexican grill|CMGs|Chipotle Mexican Grills|chipotle mexican grills|$CMGs|CHIPOTLES
CB,CHUBBS|CHUBB|CB|chubb limited|CBs|Chubb Limited|$CB|Chubb Limiteds|CHUBB LIMITEDS|Chubb|Chubbs|$CBs|chubb|chubbs|CHUBB LIMITED|chubb limiteds
CHD,Church & Dwights|CHURCH DWIGHT|Church & Dwight|Church Dwight|Church Dwights|$CHD|church dwights|CHURCH & DWIGHTS|$CHDs|CHDs|church & dwight|church & dwights|CHURCH DWIGHTS|CHD|church dwight|CHURCH & DWIGHT
CI,CIs|$CIs|CIGNAS|CI|CIGNA|Cigna|Cignas|$CI|cignas|cigna
CINF,CINCINNATI FINANCIAL|cincinnati financial|$CINFs|Cincinnati Financials|cincinnati financials|CINFs|CINF|$CINF|CINCINNATI FINANCIALS|Cincinnati Financial
CTAS,CTAS|$CTASs|$CTAS|cintas|CINTAS|CTASs|Cintas
CSCO,Cisco|CISCOS|CISCO|$CSCOs|$CSCO|ciscos|CSCOs|Ciscos|cisco|CSCO
C,CITIGROUPS|citigroup|Citigroups|Citigroup|$C|citigroups|CITIGROUP|$Cs
CFG,CITIZENS FINANCIAL|CFG|CITIZENS FINANCIALS|citizens financial|CITIZENS FINANCIAL GROUPS|citizens financial groups|$CFGs|Citizens Financial Groups|Citizens Financials|CFGs|$CFG|Citizens Financial|CITIZENS FINANCIAL GROUP|Citizens Financial Group|citizens financial group|citizens financials
CLX,clorox|cloroxs|$CLXs|$CLX|CLOROX|CLOROXS|CLXs|Clorox|Cloroxs|CLX
CME,CMES|cme group|CME Group|CME GROUP|cme|$CMEs|CME GROUPS|CMEs|CME|cmes|CME Groups|$CME|cme groups
CMS,$CMSs|CMS Energy|$CMS|CMSs|CMS|cms energys|CMS ENERGYS|cms energy|CMS Energys|CMS ENERGY
KO,coca colas|coca-cola company (the)s|COCA COLA|KOs|COCA COLAS|Coca Cola|COCA-COLA COMPANY (THE)S|coca cola|$KO|coca-cola company (the)|Coca-Cola Company (The)|Coca-Cola Company (The)s|COCA-COLA COMPANY (THE)|Coca Colas|KO|$KOs
CTSH,$CTSH|Cognizant|cognizants|cognizant|Cognizants|COGNIZANTS|CTSH|$CTSHs|COGNIZANT|CTSHs
CL,palmolives|COLGATE|colgates|PALMOLIVES|Colgate-Palmolive|COLGATES|CLs|colgate-palmolive|Colgate|palmolive|colgate|COLGATE-PALMOLIVES|$CL|Colgate-Palmolives|PALMOLIVE|COLGATE-PALMOLIVE|Palmolives|$CLs|Colgates|CL|colgate-palmolives|Palmolive
CMCSA,Comcasts|COMCASTS|$CMCSAs|CMCSAs|comcasts|Comcast|CMCSA|$CMCSA|comcast|COMCAST
CAG,Conagra|CONAGRAS|CAGs|$CAG|$CAGs|CAG|CONAGRA BRANDS|Conagras|conagra brands|conagras|Conagra Brands|conagra|CONAGRA
COP,$COP|conocophillips|CONOCOPHILLIPS|$COPs|ConocoPhillips
ED,$EDs|CONSOLIDATED EDISON|consolidated edison|Consolidated Edisons|consolidated edisons|ED|$ED|Consolidated Edison|CONSOLIDATED EDISONS|EDs
STZ,CONSTELLATION BRANDS|$STZ|$STZs|STZs|STZ|Constellation Brands|constellation brands
CEG,CEG|CONSTELLATION ENERGYS|Constellation Energys|$CEGs|constellation energys|$CEG|Constellation Energy|CEGs|constellation energy|CONSTELLATION ENERGY
COO,Cooper Companies (The)s|COOPER COMPANIES (THE)S|COOPER COMPANIES (THE)|$COO|cooper companies (the)|COOPER|cooper companies (the)s|Coopers|Cooper Companies (The)|cooper|$COOs|Cooper|coopers|COOPERS
CPRT,CPRTs|CPRT|coparts|COPARTS|copart|$CPRT|Coparts|COPART|$CPRTs|Copart
GLW,corning|$GLWs|Corning Inc.|CORNING INC.|corning inc.|Cornings|CORNINGS|GLWs|GLW|CORNING INC.S|Corning Inc.s|cornings|CORNING|$GLW|Corning|corning inc.s
CPAY,CPAYs|CPAY|$CPAY|CORPAYS|corpays|CORPAY|$CPAYs|Corpays|Corpay|corpay
CTVA,cortevas|$CTVAs|CTVAs|CORTEVAS|Corteva|CTVA|Cortevas|$CTVA|CORTEVA|corteva
CSGP,CSGP|CoStar|costar groups|COSTAR GROUP|costar group|CoStars|COSTAR GROUPS|costars|$CSGPs|$CSGP|CoStar Groups|COSTARS|CSGPs|COSTAR|CoStar Group|costar
COST,$COSTs|Costco|COSTCO|costco|costcos|COSTs|COST|$COST|Costcos|COSTCOS
CTRA,$CTRA|coterra|COTERRA|coterras|CTRAs|Coterras|$CTRAs|Coterra|CTRA|COTERRAS
CRWD,$CRWD|crowdstrike|crowdstrikes|CrowdStrike|CRWDs|$CRWDs|CROWDSTRIKES|CROWDSTRIKE|CRWD|CrowdStrikes
CCI,CCI|$CCIs|crown castles|Crown Castle|CCIs|$CCI|crown castle|CROWN CASTLE|CROWN CASTLES|Crown Castles
CSX,csx corporation|CSX|$CSX|CSXs|csxs|csx corporations|CSXS|$CSXs|CSX CORPORATION|CSX Corporations|CSX Corporation|CSX CORPORATIONS|csx
CMI,CMIs|$CMIs|$CMI|cummins|CUMMINS|Cummins|CMI
CVS,CVS|$CVSs|CVS HEALTH|CVS Health|cvs health|CVSs|$CVS|CVS Healths|cvs healths|CVS HEALTHS
DHR,$DHR|DHR|DANAHER|Danaher Corporation|DHRs|Danaher Corporations|DANAHER CORPORATION|danaher corporations|danahers|danaher corporation|Danaher|DANAHER CORPORATIONS|danaher|$DHRs|Danahers|DANAHERS
DRI,$DRI|darden restaurants|DRIs|DARDEN RESTAURANTS|$DRIs|DRI|Darden Restaurants
DVA,DVA|DAVITA|DaVita|davita|DAVITAS|DVAs|davitas|$DVA|$DVAs|DaVitas
DAY,dayforces|$DAY|DAYFORCE|Dayforce|Dayforces|$DAYs|dayforce|DAYFORCES
DECK,DECKs|UGG|uggs|UGGS|deckers brands|$DECK|DECK|Uggs|Ugg|$DECKs|Deckers|deckers|DECKERS BRANDS|DECKERS|Deckers Brands|ugg
DE,DEERES|$DE|deere & company|DEERE & COMPANYS|Deere|deeres|DEERE & COMPANY|deere|deere & companys|DE|DEs|$DEs|DEERE|Deere & Company|Deeres|Deere & Companys
DELL,DELL|DELL TECHNOLOGIES|Dell Technologies|dell technologies|$DELLs|DELLs|$DELL
DAL,Delta Air Lines|Delta Air|DELTA AIR|delta air|DELTA AIRS|DELTA AIR LINES|$DAL|delta air lines|delta airs|DAL|Delta Airs|DALs|$DALs
DVN,DVN|$DVN|Devon Energys|DEVON ENERGY|Devon Energy|DVNs|DEVON ENERGYS|devon energys|$DVNs|devon energy
DXCM,Dexcom|$DXCMs|DEXCOM|dexcom|$DXCM|Dexcoms|DXCMs|DXCM|dexcoms|DEXCOMS
FANG,$FANG|$FANGs|Diamondback Energys|diamondback energy|DIAMONDBACK ENERGY|DIAMONDBACK ENERGYS|FANG|Diamondback Energy|diamondback energys|FANGs
DLR,$DLR|DIGITAL REALTYS|DIGITAL REALTY|DLRs|Digital Realtys|Digital Realty|DLR|digital realty|$DLRs|digital realtys
DFS,DISCOVER FINANCIAL|$DFSs|DFS|DISCOVER FINANCIALS|$DFS|discover financial|discover financials|Discover Financial|Discover Financials|DFSs
DG,$DG|DOLLAR GENERAL|$DGs|DOLLAR GENERALS|Dollar Generals|dollar generals|Dollar General|dollar general
DLTR,DOLLAR TREES|dollar tree|DLTRs|DOLLAR TREE|Dollar Trees|DLTR|dollar trees|Dollar Tree|$DLTR|$DLTRs
D,DOMINION ENERGY|dominion energys|Dominion Energy|DOMINION ENERGYS|$Ds|$D|dominion energy|Dominion Energys
DPZ,DPZ|Domino's|Dominos|DOMINOS|dominos|domino's|DOMINO'S|$DPZs|DPZs|$DPZ
DOV,DOVER CORPORATION|Dovers|Dover|Dover Corporations|dover corporations|Dover Corporation|$DOVs|DOVER CORPORATIONS|DOVs|DOVER|DOVERS|dover|dover corporation|$DOV|DOV|dovers
DOW,$DOWs|DOW INC.|DOW|Dows|DOWs|dow|DOWS|Dow|$DOW|Dow Inc.|dows|DOW INC.S|dow inc.s|dow inc.|Dow Inc.s
DHI,D R HORTONS|$DHI|d. r. hortons|DHIs|DHI|D. R. Hortons|d. r. horton|d r hortons|D. R. HORTON|d r horton|$DHIs|D. R. Horton|D R Horton|D R Hortons|D. R. HORTONS|D R HORTON
DTE,DTE ENERGY|$DTE|DTE Energys|dte energy|DTE|DTEs|$DTEs|DTE Energy|DTE ENERGYS|dte energys
DUK,duke energy|Duke Energys|$DUK|$DUKs|duke energys|DUKs|Duke Energy|DUKE ENERGYS|DUK|DUKE ENERGY
DD,DuPont|dupont|duponts|DUPONT|DD|DUPONTS|DuPonts|$DD|$DDs|DDs
EMN,eastman chemical|$EMN|eastman chemicals|Eastman Chemical Company|EMNs|EASTMAN CHEMICAL COMPANY|EASTMAN CHEMICAL COMPANYS|Eastman Chemical Companys|EMN|$EMNs|EASTMAN CHEMICAL|Eastman Chemicals|EASTMAN CHEMICALS|eastman chemical companys|eastman chemical company|Eastman Chemical
ETN,Eaton Corporation|eaton|EATON|EATON CORPORATIONS|eaton corporation|EATON CORPORATION|$ETN|Eaton Corporations|ETNs|eaton corporations|EATONS|ETN|eatons|Eatons|$ETNs|Eaton
EBAY,$EBAYs|ebays|EBAYs|ebay|eBay|EBAYS|eBays|$EBAY|EBAY
ECL,ECOLAB|$ECLs|ECOLABS|Ecolab|ECLs|ecolab|ECL|ecolabs|$ECL|Ecolabs
EIX,Edison Internationals|edison international|EIX|Edison International|edison internationals|EDISON INTERNATIONAL|EIXs|EDISON INTERNATIONALS|$EIX|$EIXs
EW,Edwards Lifesciences|EDWARDS LIFESCIENCES|EWs|EW|edwards lifesciences|$EWs|$EW
EA,EA|$EA|Electronic Arts|EAs|ELECTRONIC ARTS|$EAs|electronic arts
ELV,Elevance Healths|ELEVANCE HEALTH|Elevance Health|$ELV|ELV|ELVs|$ELVs|ELEVANCE HEALTHS|elevance healths|elevance health
EMR,$EMR|EMRs|emerson electrics|EMERSON ELECTRICS|Emerson Electric|EMERSON ELECTRIC|$EMRs|Emerson Electrics|EMR|emerson electric
ENPH,$ENPH|ENPHASE ENERGY|ENPH|$ENPHs|ENPHs|enphase energys|ENPHASE ENERGYS|Enphase Energy|enphase energy|Enphase Energys
ETR,$ETRs|entergys|Entergys|entergy|ENTERGYS|Entergy|ETRs|$ETR|ETR|ENTERGY
EOG,EOG RESOURCES|eog resources|EOG Resources|EOGs|$EOG|$EOGs|EOG
EPAM,EPAMs|EPAM Systems|$EPAMs|EPAM SYSTEMS|EPAM|$EPAM|epam systems
EQT,EQTS|EQT CORPORATION|EQT Corporations|eqts|eqt|EQT CORPORATIONS|$EQT|EQTs|EQT Corporation|EQT|eqt corporation|$EQTs|eqt corporations
EFX,$EFX|equifax|Equifaxs|EQUIFAXS|$EFXs|EFX|equifaxs|Equifax|EQUIFAX|EFXs
EQIX,EQIXs|EQIX|Equinixs|equinix|EQUINIX|$EQIX|equinixs|EQUINIXS|$EQIXs|Equinix
EQR,Equity Residentials|EQR|$EQR|EQRs|EQUITY RESIDENTIAL|Equity Residential|equity residential|EQUITY RESIDENTIALS|$EQRs|equity residentials
ERIE,ERIE|Erie Indemnitys|ERIE INDEMNITYS|Erie Indemnity|erie indemnitys|erie indemnity|$ERIEs|ERIEs|ERIE INDEMNITY|$ERIE
ESS,essex property trust|ESSEX PROPERTY TRUST|Essex Property Trust|ESSs|$ESS|essex property trusts|ESSEX PROPERTY TRUSTS|$ESSs|Essex Property Trusts|ESS
EL,estée lauder companies (the)|$EL|Estee Lauders|ESTEE LAUDER|Estée Lauder Companies (The)s|estée lauder companies (the)s|estee lauder|Estee Lauder|ESTÉE LAUDER COMPANIES (THE)|Estée Lauder Companies (The)|ESTÉE LAUDER COMPANIES (THE)S|estee lauders|ESTEE LAUDERS|$ELs
EG,EVERESTS|everests|Everest Group|EVEREST GROUP|everest group|EGs|everest|$EGs|Everest Groups|$EG|EG|Everest|Everests|everest groups|EVEREST|EVEREST GROUPS
EVRG,EVRG|Evergys|evergys|EVRGs|Evergy|EVERGY|EVERGYS|evergy|$EVRG|$EVRGs
ES,EVERSOURCE ENERGYS|EVERSOURCE ENERGY|$ES|Eversource Energy|eversource energy|Eversource Energys|ES|eversource energys|$ESs|ESs
EXC,$EXC|$EXCs|EXCs|EXELON|Exelon|exelons|EXC|EXELONS|Exelons|exelon
EXPE,EXPE|Expedia Group|EXPEDIA GROUPS|Expedias|$EXPE|expedia groups|expedias|expedia|$EXPEs|Expedia|EXPEDIA|EXPEDIA GROUP|Expedia Groups|EXPEDIAS|EXPEs|expedia group
EXPD,EXPEDITORS INTERNATIONALS|EXPDs|Expeditors Internationals|EXPEDITORS INTERNATIONAL|$EXPDs|EXPD|expeditors international|Expeditors International|$EXPD|expeditors internationals
EXR,extra space storage|Extra Space Storages|EXR|EXTRA SPACE STORAGES|$EXRs|$EXR|Extra Space Storage|EXRs|extra space storages|EXTRA SPACE STORAGE
XOM,$XOM|exxonmobil|EXXONMOBILS|ExxonMobil|exxonmobils|XOM|EXXONMOBIL|ExxonMobils|XOMs|$XOMs
FFIV,"f5, inc.|f5, inc.s|f5|F5, Inc.s|f5s|F5, INC.S|F5, Inc.|FFIVs|$FFIV|F5S|F5, INC.|F5s|FFIV|F5|$FFIVs"
FDS,FactSets|FactSet|FACTSET|FDS|FACTSETS|FDSs|$FDS|factsets|$FDSs|factset
FICO,FICO|Fair Isaacs|fair isaacs|FAIR ISAAC|fair isaac|Fair Isaac|FAIR ISAACS|FICOs|$FICO|$FICOs
FAST,fastenal|Fastenals|FASTENALS|fastenals|FASTENAL|$FASTs|Fastenal|$FAST
FRT,FRT|FRTs|$FRT|$FRTs|Federal Realty Investment Trust|federal realty investment trust|FEDERAL REALTY INVESTMENT TRUST|Federal Realty Investment Trusts|federal realty investment trusts|FEDERAL REALTY INVESTMENT TRUSTS
FDX,fedex|$FDX|FedEx|FedExs|FEDEX|FEDEXS|fedexs|FDX|FDXs|$FDXs
FIS,FISs|FIDELITY NATIONAL INFORMATION SERVICES|fiss|FIS|$FIS|Fidelity National Information Services|fis|FISS|$FISs|fidelity national information services
FITB,fifth third bancorp|fifth third bancorps|$FITBs|FIFTH THIRD BANCORPS|FITBs|FITB|$FITB|FIFTH THIRD BANCORP|Fifth Third Bancorps|Fifth Third Bancorp
FSLR,$FSLRs|First Solar|FSLRs|$FSLR|first solars|first solar|FIRST SOLAR|FIRST SOLARS|FSLR|First Solars
FE,FIRSTENERGYS|$FEs|FirstEnergys|FIRSTENERGY|firstenergys|$FE|FEs|FE|firstenergy|FirstEnergy
FI,Fiserv|$FI|FI|fiservs|Fiservs|FISERVS|FIs|fiserv|$FIs|FISERV
FMC,FMC CORPORATIONS|FMC|fmc corporation|FMCS|fmc|fmcs|$FMC|fmc corporations|FMC CORPORATION|FMC Corporations|FMCs|$FMCs|FMC Corporation
F,ford motor company|Ford Motor|ford motor|FORD MOTORS|FORD MOTOR COMPANY|$Fs|FORD MOTOR|Ford Motors|Ford Motor Companys|$F|Ford Motor Company|FORD MOTOR COMPANYS|ford motors|ford motor companys
FTNT,Fortinet|$FTNT|fortinet|FORTINET|$FTNTs|FTNT|Fortinets|FTNTs|fortinets|FORTINETS
FTV,Fortive|fortives|FTV|fortive|FORTIVE|$FTV|FTVs|$FTVs|Fortives|FORTIVES
FOXA,FOXAs|Foxs|fox corporation (class a)s|foxs|$FOXA|FOXA|FOX|fox|FOX CORPORATION (CLASS A)|Fox Corporation (Class A)|Fox Corporation (Class A)s|FOX CORPORATION (CLASS A)S|FOXS|fox corporation (class a)|$FOXAs|Fox
FOX,Foxs|FOX CORPORATION (CLASS B)|foxs|$FOX|Fox Corporation (Class B)s|$FOXs|FOX|fox corporation (class b)s|fox|FOXS|fox corporation (class b)|FOXs|Fox Corporation (Class B)|Fox|FOX CORPORATION (CLASS B)S
BEN,$BENs|FRANKLIN RESOURCES|Franklin Resources|BENs|franklin resources|BEN|$BEN
FCX,$FCX|freeport mcmoran|freeport-mcmoran|freeport-mcmorans|FCXs|FCX|$FCXs|Freeport McMoRans|FREEPORT MCMORANS|FREEPORT MCMORAN|Freeport McMoRan|FREEPORT-MCMORAN|FREEPORT-MCMORANS|Freeport-McMoRans|Freeport-McMoRan|freeport mcmorans
GRMN,GARMIN|$GRMNs|Garmin|$GRMN|GRMNs|GRMN|garmin|Garmins|garmins|GARMINS
IT,gartners|gartner|GARTNERS|Gartner|$ITs|Gartners|GARTNER|$IT
GE,GE Aerospaces|GE|general electrics|General Electric|General Electrics|$GEs|ge aerospaces|$GE|GEs|GE AEROSPACES|GE Aerospace|GENERAL ELECTRIC|GE AEROSPACE|GENERAL ELECTRICS|general electric|ge aerospace
GEHC,general electrics|GEHC|GEs|GENERAL ELECTRIC|GE HEALTHCARE|General Electrics|ge healthcare|GE HealthCares|ge|$GEHC|GE HealthCare|ge healthcares|GES|GE HEALTHCARES|ges|GE|General Electric|GEHCs|$GEHCs|GENERAL ELECTRICS|general electric
GEV,ge vernova|general electrics|GEs|GE VERNOVAS|GE Vernovas|ge vernovas|General Electrics|general electric|ge|$GEVs|GE VERNOVA|$GEV|GES|GEV|GEVs|ges|GE|GE Vernova|General Electric|GENERAL ELECTRICS|GENERAL ELECTRIC
GEN,GEN|GEN DIGITAL|gen digitals|Gen Digital|$GEN|gen digital|GENs|GEN DIGITALS|$GENs|Gen Digitals
GNRC,$GNRCs|GENERAC|GNRC|$GNRC|Generac|generac|GNRCs|Generacs|generacs|GENERACS
GD,$GD|GENERAL DYNAMICS|GD|GDs|$GDs|general dynamics|General Dynamics
GIS,$GISs|GENERAL MILLS|General Mills|GIS|$GIS|GISs|general mills
GM,general motors|General Motors|$GM|$GMs|GENERAL MOTORS
GPC,Genuine Parts Company|genuine parts companys|GPC|GENUINE PARTS COMPANYS|GPCs|$GPC|$GPCs|genuine parts|Genuine Parts|GENUINE PARTS|Genuine Parts Companys|GENUINE PARTS COMPANY|genuine parts company
GILD,$GILD|Gilead Sciences|GILD|gilead sciences|GILEAD SCIENCES|GILDs|$GILDs
GPN,GPNs|GLOBAL PAYMENTS|Global Payments|$GPN|global payments|$GPNs|GPN
GL,GLOBE LIFES|Globe Lifes|globe lifes|$GL|GLOBE LIFE|GLs|globe life|$GLs|GL|Globe Life
GDDY,$GDDY|GoDaddy|GODADDY|GoDaddys|godaddys|GODADDYS|godaddy|GDDYs|GDDY|$GDDYs
GS,goldman sachs|Goldman Sachs|$GSs|GSs|GS|GOLDMAN SACHS|$GS
HAL,$HALs|HALs|$HAL|HAL|Halliburton|halliburton|HALLIBURTON|halliburtons|Halliburtons|HALLIBURTONS
HIG,hartford (the)|Hartford (The)s|HARTFORD|hartfords|HIGs|HARTFORD (THE)|HARTFORD (THE)S|HIG|$HIG|Hartford (The)|$HIGs|Hartford|hartford|Hartfords|hartford (the)s|HARTFORDS
HAS,hasbros|HASBROS|$HAS|HASBRO|$HASs|Hasbros|hasbro|Hasbro
HCA,HCA HEALTHCARE|HCA HEALTHCARES|HCA Healthcare|$HCA|HCA|hca healthcares|hca healthcare|HCA Healthcares|$HCAs|HCAs
DOC,HEALTHPEAK PROPERTIES|DOCs|healthpeak properties|DOC|$DOCs|$DOC|Healthpeak Properties
HSIC,$HSICs|HENRY SCHEIN|Henry Scheins|HSICs|henry schein|henry scheins|HSIC|HENRY SCHEINS|Henry Schein|$HSIC
HSY,$HSY|hershey company (the)|HSY|Hershey Company (The)s|hersheys|Hersheys|HERSHEYS|Hershey|HERSHEY|$HSYs|HSYs|HERSHEY COMPANY (THE)S|HERSHEY COMPANY (THE)|Hershey Company (The)|hershey company (the)s|hershey
HES,HESs|hess|HESS CORPORATION|hess corporations|$HES|Hess|HESS|$HESs|HESS CORPORATIONS|HES|hess corporation|Hess Corporations|Hess Corporation
HPE,HP|hps|Hewlett Packard Enterprise|HEWLETT PACKARD ENTERPRISES|$HPEs|HEWLETT PACKARDS|Hewlett Packard|hewlett packard enterprise|hewlett packard|Hewlett Packards|hp|Hewlett Packard Enterprises|HPEs|hewlett packards|HPs|$HPE|hewlett packard enterprises|HPE|HEWLETT PACKARD|HEWLETT PACKARD ENTERPRISE|HPS
HLT,Hilton Worldwides|$HLT|HLTs|HILTON WORLDWIDE|HILTON WORLDWIDES|Hilton Worldwide|$HLTs|hilton worldwides|hilton worldwide|HLT
HOLX,hologic|$HOLXs|HOLOGICS|HOLOGIC|HOLX|hologics|$HOLX|Hologics|HOLXs|Hologic
HD,Home Depot (The)|Home Depot|HOME DEPOT (THE)S|$HDs|$HD|home depot (the)s|home depots|home depot (the)|HOME DEPOT (THE)|Home Depots|home depot|HOME DEPOTS|Home Depot (The)s|HOME DEPOT
HON,$HON|Honeywells|HONEYWELL|honeywell|HONs|Honeywell|honeywells|HON|HONEYWELLS|$HONs
HRL,$HRL|HORMEL FOODS|hormel foods|Hormel Foods|HRL|HRLs|$HRLs
HST,$HST|$HSTs|host hotels & resorts|host hotels resorts|Host Hotels Resorts|HST|HSTs|HOST HOTELS & RESORTS|Host Hotels & Resorts|HOST HOTELS RESORTS
HWM,howmet aerospaces|howmet aerospace|HOWMET AEROSPACE|HWM|Howmet Aerospaces|$HWMs|Howmet Aerospace|$HWM|HOWMET AEROSPACES|HWMs
HPQ,$HPQ|HP|HP INC.|hps|HP INC.S|HPQs|HEWLETT PACKARDS|Hewlett Packard|HP Inc.s|hewlett packard|Hewlett Packards|$HPQs|hp|hewlett packards|HPs|HP Inc.|HEWLETT PACKARD|hp inc.|HPQ|hp inc.s|HPS
HUBB,hubbell incorporateds|HUBBELL|hubbell|Hubbell|HUBBELL INCORPORATEDS|HUBBELLS|$HUBBs|Hubbell Incorporated|Hubbells|Hubbell Incorporateds|$HUBB|HUBB|HUBBs|hubbell incorporated|HUBBELL INCORPORATED|hubbells
HUM,Humanas|HUMANAS|HUMs|humanas|HUM|HUMANA|humana|$HUM|Humana|$HUMs
HBAN,HBAN|$HBAN|huntington bancshares|HBANs|Huntington Bancshares|$HBANs|HUNTINGTON BANCSHARES
HII,huntington ingalls|Huntington Ingalls|huntington ingalls industries|HUNTINGTON INGALLS INDUSTRIES|HIIs|HII|HUNTINGTON INGALLS|Huntington Ingalls Industries|$HII|$HIIs
IBM,IBM|ibm|IBMs|IBMS|$IBM|ibms|$IBMs
IEX,IDEX Corporations|IDEX|idexs|$IEXs|idex corporations|IEXs|IDEX Corporation|idex corporation|idex|IDEX CORPORATIONS|IDEXS|IEX|$IEX|IDEXs|IDEX CORPORATION
IDXX,IDXXs|IDEXX|IDEXX LABORATORIES|$IDXX|idexxs|idexx laboratories|$IDXXs|Idexx Laboratories|Idexxs|IDEXXS|Idexx|IDXX|idexx
ITW,illinois tool works|ITW|$ITWs|ILLINOIS TOOL WORKS|$ITW|Illinois Tool Works|ITWs
INCY,Incytes|$INCY|INCYTE|$INCYs|INCYTES|INCYs|INCY|incyte|incytes|Incyte
IR,Ingersoll Rands|$IRs|INGERSOLL RAND|ingersoll rands|Ingersoll Rand|IRs|IR|INGERSOLL RANDS|$IR|ingersoll rand
PODD,insulet|Insulets|$PODDs|INSULET|insulets|Insulet Corporations|PODD|INSULET CORPORATION|insulet corporations|Insulet Corporation|INSULET CORPORATIONS|PODDs|INSULETS|insulet corporation|Insulet|$PODD
INTC,Intel|INTCs|INTELS|INTEL|intel|$INTCs|INTC|$INTC|Intels|intels
ICE,$ICEs|INTERCONTINENTAL EXCHANGES|intercontinental exchanges|INTERCONTINENTAL EXCHANGE|Intercontinental Exchanges|$ICE|Intercontinental Exchange|intercontinental exchange
IFF,INTERNATIONAL FLAVORS FRAGRANCES|INTERNATIONAL FLAVORS & FRAGRANCES|$IFFs|international flavors fragrances|international flavors & fragrances|IFFs|International Flavors & Fragrances|IFF|$IFF|International Flavors Fragrances
IP,International Papers|$IPs|$IP|International Paper|international paper|INTERNATIONAL PAPER|INTERNATIONAL PAPERS|international papers
IPG,IPGs|$IPGs|INTERPUBLIC|INTERPUBLICS|interpublic group of companies (the)s|interpublic|Interpublics|Interpublic Group of Companies (The)s|INTERPUBLIC GROUP OF COMPANIES (THE)|Interpublic|Interpublic Group of Companies (The)|$IPG|INTERPUBLIC GROUP OF COMPANIES (THE)S|interpublics|interpublic group of companies (the)|IPG
INTU,INTUITS|Intuits|$INTU|INTUs|intuit|INTUIT|intuits|Intuit|$INTUs|INTU
ISRG,INTUITIVE SURGICAL|ISRG|INTUITIVE SURGICALS|Intuitive Surgical|intuitive surgical|Intuitive Surgicals|$ISRG|ISRGs|$ISRGs|intuitive surgicals
IVZ,INVESCOS|Invesco|invesco|invescos|Invescos|IVZs|INVESCO|$IVZ|$IVZs|IVZ
INVH,Invitation Homes|INVHs|INVH|$INVH|INVITATION HOMES|invitation homes|$INVHs
IQV,IQV|$IQV|IQVIA|iqvia|IQVIAS|iqvias|$IQVs|IQVIAs|IQVs
IRM,IRON MOUNTAIN|$IRMs|IRMs|Iron Mountains|iron mountain|Iron Mountain|$IRM|IRON MOUNTAINS|iron mountains|IRM
JBHT,JBHTs|JB Hunts|J.B. Hunt|J.B. Hunts|jb hunts|J.B. HUNTS|jb hunt|j.b. hunt|J.B. HUNT|JB HUNTS|$JBHTs|JBHT|$JBHT|j.b. hunts|JB HUNT|JB Hunt
JBL,JABIL|JBLs|jabils|Jabil|Jabils|$JBLs|jabil|$JBL|JABILS|JBL
JKHY,$JKHY|JKHYs|jack henry & associates|JKHY|$JKHYs|JACK HENRY & ASSOCIATES|jack henry associates|Jack Henry & Associates|JACK HENRY ASSOCIATES|Jack Henry Associates
J,jacobs solutions|$J|Jacobs Solutions|$Js|JACOBS SOLUTIONS
JNJ,$JNJ|$JNJs|JOHNSON & JOHNSONS|Johnson & Johnson|JNJ|johnson & johnson|JNJs|Johnson & Johnsons|johnson & johnsons|JOHNSON & JOHNSON
JCI,$JCI|$JCIs|johnson controls|JCIs|Johnson Controls|JOHNSON CONTROLS|JCI
JPM,JPMs|JPMorgan Chase|jpmorgan chases|jpmorgan chase|JPMORGAN|JPMorgan Chases|JPMORGAN CHASES|jpmorgan|JPMorgans|JPM|JPMORGAN CHASE|JPMorgan|$JPMs|JPMORGANS|$JPM|jpmorgans
JNPR,Juniper Networks|$JNPR|$JNPRs|JNPR|juniper networks|JUNIPER NETWORKS|JNPRs
K,Kellanovas|kellanovas|kellanova|Kellanova|$Ks|KELLANOVAS|$K|KELLANOVA
KVUE,Kenvues|KVUE|KVUEs|kenvue|KENVUE|KENVUES|Kenvue|$KVUEs|kenvues|$KVUE
KDP,DR PEPPERS|DR PEPPER|dr peppers|keurig dr pepper|$KDPs|KEURIG DR PEPPERS|KEURIG DR PEPPER|Dr Pepper|dr pepper|$KDP|Keurig Dr Pepper|Keurig Dr Peppers|Dr Peppers|KDP|KDPs|keurig dr peppers
KEY,KEYCORP|keycorp|KeyCorps|KEYCORPS|KEYs|$KEYs|KEY|keycorps|$KEY|KeyCorp
KEYS,keysight technologies|KEYSIGHT TECHNOLOGIES|KEYSIGHT|$KEYS|KEYS|KEYSIGHTS|Keysights|Keysight Technologies|KEYSs|$KEYSs|keysight|keysights|Keysight
KMB,kimberly clarks|kimberly-clarks|Kimberly-Clark|$KMB|Kimberly-Clarks|kimberly-clark|$KMBs|Kimberly Clarks|KIMBERLY-CLARK|KIMBERLY CLARKS|KIMBERLY CLARK|Kimberly Clark|KMB|KMBs|KIMBERLY-CLARKS|kimberly clark
KIM,Kimco Realtys|$KIMs|kimco realtys|kimco realty|KIMCO REALTY|KIM|$KIM|Kimco Realty|KIMCO REALTYS|KIMs
KMI,KMI|Kinder Morgans|$KMI|$KMIs|KINDER MORGANS|kinder morgans|Kinder Morgan|KINDER MORGAN|KMIs|kinder morgan
KKR,$KKRs|KKRS|KKR|$KKR|kkrs|kkr|KKRs
KLAC,kla corporations|$KLAC|KLAC|kla corporation|KLA Corporations|kla|klas|KLAS|$KLACs|KLA CORPORATIONS|KLA|KLA CORPORATION|KLACs|KLA Corporation|KLAs
KHC,kraft|HEINZ|heinzs|KHC|Heinz|KRAFT HEINZ|KRAFTS|$KHC|KRAFT HEINZS|KRAFT|Krafts|Kraft Heinzs|Kraft Heinz|kraft heinzs|$KHCs|Kraft|Heinzs|HEINZS|heinz|KHCs|kraft heinz|krafts
KR,kroger|KROGERS|Kroger|KR|$KRs|KRs|KROGER|Krogers|krogers|$KR
LHX,$LHX|l3harris|L3HARRIS|L3Harris|$LHXs|LHXs|LHX
LH,labcorp|labcorps|LabCorp|LH|LABCORPS|LabCorps|$LHs|LHs|$LH|LABCORP
LRCX,LAM RESEARCH|lam research|LRCXs|LAM RESEARCHS|Lam Researchs|Lam Research|LRCX|lam researchs|$LRCXs|$LRCX
LW,$LWs|LW|Lamb Westons|lamb weston|lamb westons|LAMB WESTON|$LW|LWs|Lamb Weston|LAMB WESTONS
LVS,$LVSs|las vegas sands|Las Vegas Sands|LVSs|$LVS|LAS VEGAS SANDS|LVS
LDOS,LDOS|$LDOS|$LDOSs|leidos|LEIDOS|Leidos|LDOSs
LEN,Lennar|LEN|lennars|LENNAR|$LENs|lennar|LENs|LENNARS|Lennars|$LEN
LLY,LLY|LLYs|$LLY|$LLYs|Lilly (Eli)|lilly (eli)|LILLY (ELI)|Lilly (Eli)s|lilly (eli)s|LILLY (ELI)S
LIN,LIN|linde plcs|LINDE|$LINs|LINDES|linde plc|Lindes|Linde|$LIN|LINs|lindes|LINDE PLC|linde|Linde plc|Linde plcs|LINDE PLCS
LYV,LIVE NATION ENTERTAINMENTS|live nation entertainments|LIVE NATION|live nations|LIVE NATION ENTERTAINMENT|$LYVs|Live Nation Entertainments|LIVE NATIONS|live nation|LYV|$LYV|Live Nation|Live Nation Entertainment|live nation entertainment|Live Nations|LYVs
LKQ,LKQ Corporation|LKQ CORPORATIONS|LKQs|LKQ CORPORATION|$LKQs|LKQ|LKQ Corporations|lkq|LKQS|$LKQ|lkq corporations|lkq corporation|lkqs
LMT,$LMTs|LOCKHEED MARTIN|lockheed martins|LMT|Lockheed Martins|lockheed martin|$LMT|LOCKHEED MARTINS|Lockheed Martin|LMTs
L,LOEWS|loews corporation|$Ls|LOEWS CORPORATIONS|loews|LOEWS CORPORATION|Loews|Loews Corporations|loews corporations|Loews Corporation|$L
LOW,LOWs|$LOWs|Lowes|Lowe's|lowe's|LOWE'S|LOW|$LOW|lowes|LOWES
LULU,$LULUs|LULULEMON ATHLETICAS|Lululemons|lululemon athletica|lululemons|LULULEMON ATHLETICA|LULULEMONS|Lululemon Athletica|lululemon athleticas|LULULEMON|lululemon|Lululemon|LULU|$LULU|Lululemon Athleticas|LULUs
LYB,LYONDELL BASELL|LyondellBasells|$LYBs|lyondellbasells|LYB|LYONDELLBASELL|lyondell basell|lyondellbasell|Lyondell Basells|lyondell basells|Lyondell Basell|$LYB|LYONDELL BASELLS|LYONDELLBASELLS|LyondellBasell|LYBs
MTB,m&t bank|MTBs|M&T Bank|$MTBs|M&T BANKS|$MTB|M&T BANK|m&t banks|MTB|M&T Banks
MPC,MARATHON PETROLEUM|MPCs|Marathon Petroleum|marathon petroleum|Marathon Petroleums|$MPC|MPC|MARATHON PETROLEUMS|marathon petroleums|$MPCs
MKTX,MARKETAXESS|$MKTXs|MKTX|marketaxess|MarketAxess|MKTXs|$MKTX
MAR,MARs|Marriott International|marriott international|MAR|MARRIOTT INTERNATIONALS|$MARs|marriott internationals|$MAR|MARRIOTT INTERNATIONAL|Marriott Internationals
MMC,marsh mclennans|MMCs|MARSH MCLENNAN|$MMC|$MMCs|MMC|marsh mclennan|MARSH MCLENNANS|Marsh McLennans|Marsh McLennan
MLM,martin marietta materials|martin mariettas|MARTIN MARIETTA MATERIALS|$MLM|martin marietta|MLM|Martin Marietta|MLMs|MARTIN MARIETTA|Martin Mariettas|$MLMs|MARTIN MARIETTAS|Martin Marietta Materials
MAS,$MASs|MASCO|mascos|$MAS|Mascos|Masco|MASCOS|masco
MA,mastercards|$MA|Mastercards|MASTERCARD|MA|MASTERCARDS|Mastercard|mastercard|$MAs|MAs
MTCH,MTCHs|Matchs|MATCH|MTCH|match group|MATCH GROUPS|match groups|Match Group|Match|MATCHS|matchs|match|MATCH GROUP|Match Groups|$MTCHs|$MTCH
MKC,McCormicks|mccormicks|mccormick|McCormick & Company|MCCORMICK & COMPANYS|MCCORMICK|mccormick & company|McCormick & Companys|MKC|$MKCs|McCormick|MCCORMICKS|MKCs|$MKC|MCCORMICK & COMPANY|mccormick & companys
MCD,$MCDs|mcdonalds|MCD|McDonald's|mcdonald's|$MCD|McDonalds|MCDONALD'S|MCDs|MCDONALDS
MCK,MCKESSON CORPORATION|$MCKs|mckesson|McKesson Corporation|MCKESSON|MCKESSON CORPORATIONS|McKesson|McKessons|MCKESSONS|mckessons|MCK|$MCK|MCKs|McKesson Corporations|mckesson corporations|mckesson corporation
MDT,$MDT|$MDTs|MEDTRONIC|medtronics|Medtronics|MEDTRONICS|MDTs|MDT|Medtronic|medtronic
MRK,MRKs|MERCK & CO.S|merck & co.|merck & co.s|merck & cos|MERCK & CO.|MERCK & CO|Merck & Cos|MERCK & COS|MRK|$MRK|Merck & Co.|$MRKs|Merck & Co|merck & co|Merck & Co.s
META,METAs|Facebook|$META|facebook|FACEBOOKS|Meta Platforms|META PLATFORMS|$METAs|META|meta|metas|facebooks|Facebooks|Meta|meta platforms|FACEBOOK|Metas|METAS
MET,METs|MetLife|$METs|$MET|MetLifes|metlife|metlifes|METLIFES|METLIFE|MET
MTD,Mettler Toledos|Mettler Toledo|mettler toledo|METTLER TOLEDOS|$MTDs|mettler toledos|$MTD|MTDs|METTLER TOLEDO|MTD
MGM,MGM|MGMs|mgm resorts|MGM Resorts|MGM RESORTS|$MGM|$MGMs
MCHP,MCHP|MCHPs|$MCHP|$MCHPs|Microchip Technology|microchip technology|MICROCHIP TECHNOLOGY|Microchip Technologys|microchip technologys|MICROCHIP TECHNOLOGYS
MU,micron technologys|MICRON TECHNOLOGYS|microns|Micron|Microns|micron technology|MUs|MICRON|Micron Technology|MICRON TECHNOLOGY|$MUs|micron|MICRONS|Micron Technologys|$MU|MU
MSFT,$MSFT|Microsoft|MSFT|MSFTs|MICROSOFT|microsoft|MICROSOFTS|microsofts|Microsofts|$MSFTs
MAA,MAA|MAAs|$MAA|$MAAs|Mid-America Apartment Communities|mid-america apartment communities|MID-AMERICA APARTMENT COMMUNITIES
MRNA,MODERNA|modernas|$MRNAs|Moderna|MRNA|moderna|MRNAs|MODERNAS|Modernas|$MRNA
MHK,MOHAWK INDUSTRIES|$MHKs|Mohawk Industries|$MHK|mohawk industries|MHKs|MHK
MOH,MOHs|MOH|Molina Healthcare|$MOHs|Molina Healthcares|$MOH|molina healthcare|molina healthcares|MOLINA HEALTHCARE|MOLINA HEALTHCARES
TAP,$TAPs|molson coors beverage company|MOLSON COORS BEVERAGE COMPANY|Molson Coors Beverage Companys|TAPs|$TAP|MOLSON COORS BEVERAGE COMPANYS|molson coors beverage companys|coors|COORS|Coors|TAP|Molson Coors Beverage Company
MDLZ,mondelez internationals|MDLZs|Mondelez International|mondelez international|$MDLZs|$MDLZ|MONDELEZ INTERNATIONALS|Mondelez Internationals|MONDELEZ INTERNATIONAL|MDLZ
MPWR,MPWRs|$MPWRs|monolithic power systems|$MPWR|MPWR|Monolithic Power Systems|MONOLITHIC POWER SYSTEMS
MNST,MNST|monster beverage|monster beverages|Monster Energy|MONSTER ENERGYS|MONSTER ENERGY|Monster Energys|monster energy|$MNSTs|MONSTER BEVERAGE|$MNST|Monster Beverage|Monster Beverages|MNSTs|monster energys|MONSTER BEVERAGES
MCO,Moody's Corporations|moody's corporations|MOODYS|Moody's Corporation|MCOs|$MCOs|MOODY'S CORPORATION|MCO|moody's corporation|MOODY'S CORPORATIONS|Moodys|moodys|$MCO
MS,MORGAN STANLEY|Morgan Stanleys|$MSs|Morgan Stanley|morgan stanleys|morgan stanley|$MS|MORGAN STANLEYS
MOS,Mosaic Company (The)|MOSAICS|$MOS|mosaic company (the)s|MOSs|Mosaic|$MOSs|Mosaics|MOS|Mosaic Company (The)s|MOSAIC COMPANY (THE)S|mosaic company (the)|MOSAIC COMPANY (THE)|MOSAIC|mosaic|mosaics
MSI,$MSI|Motorola Solutions|$MSIs|MOTOROLA SOLUTIONS|MSI|MSIs|motorola solutions
MSCI,$MSCIs|mscis|$MSCI|MSCI|msci|MSCIs|MSCIS
NDAQ,"NDAQ|Nasdaqs|nasdaq, inc.s|nasdaq, inc.|$NDAQs|Nasdaq|nasdaq|nasdaqs|Nasdaq, Inc.s|Nasdaq, Inc.|NASDAQ, INC.|NASDAQS|NDAQs|NASDAQ|$NDAQ|NASDAQ, INC.S"
NTAP,$NTAP|netapps|NTAPs|NTAP|netapp|$NTAPs|NETAPP|NetApps|NetApp|NETAPPS
NFLX,NETFLIX|Netflixs|$NFLXs|Netflix|netflixs|NFLX|NFLXs|NETFLIXS|$NFLX|netflix
NEM,NEM|newmont|NEWMONTS|Newmonts|Newmont|NEWMONT|NEMs|newmonts|$NEMs|$NEM
NWSA,News Corps|NEWS CORPS|News Corp (Class A)|NEWS CORP (CLASS A)|NEWS CORP|News Corp (Class A)s|$NWSA|news corp (class a)|News Corp|NWSA|news corp|news corp (class a)s|$NWSAs|NEWS CORP (CLASS A)S|NWSAs|news corps
NWS,News Corps|news corp (class b)|News Corp (Class B)|NEWS CORP|NEWS CORPS|NWS|NWSs|News Corp|NEWS CORP (CLASS B)S|news corp|NEWS CORP (CLASS B)|News Corp (Class B)s|$NWSs|news corp (class b)s|$NWS|news corps
NEE,NEXTERA ENERGYS|NEXTERA ENERGY|NEEs|NEE|nextera energy|NextEra Energys|$NEE|NextEra Energy|nextera energys|$NEEs
NKE,"NIKE, INC.|nike, inc.s|NIKE, INC.S|NIKES|NKEs|NKE|$NKEs|$NKE|Nike, Inc.|nike|Nikes|NIKE|Nike, Inc.s|Nike|nikes|nike, inc."
NI,NiSources|NISOURCE|$NI|NiSource|NISOURCES|$NIs|nisource|nisources
NDSN,$NDSN|NDSN|Nordson Corporation|$NDSNs|NORDSONS|NORDSON CORPORATIONS|nordson|NDSNs|nordson corporation|NORDSON CORPORATION|Nordson Corporations|Nordsons|Nordson|nordsons|NORDSON|nordson corporations
NSC,Norfolk Southern Railway|NORFOLK SOUTHERN RAILWAY|NORFOLK SOUTHERN RAILWAYS|$NSCs|$NSC|norfolk southern railways|Norfolk Southern Railways|norfolk southern railway
NTRS,NORTHERN TRUSTS|Northern Trusts|$NTRS|NTRSs|Northern Trust|NORTHERN TRUST|northern trusts|northern trust|NTRS|$NTRSs
NOC,$NOC|$NOCs|NORTHROP GRUMMAN|northrop grummans|Northrop Grumman|NORTHROP GRUMMANS|northrop grumman|Northrop Grummans|NOCs|NOC
NCLH,NORWEGIAN CRUISE LINE HOLDINGS|NCLH|$NCLHs|NCLHs|$NCLH|norwegian cruise line holdings|Norwegian Cruise Line Holdings
NRG,NRG Energy|$NRGs|NRG|nrg energy|nrg energys|NRG ENERGYS|NRG Energys|NRG ENERGY|NRGs|$NRG
NUE,NUCORS|$NUEs|NUE|Nucor|Nucors|nucor|NUEs|NUCOR|nucors|$NUE
NVDA,$NVDAs|NVIDIAS|$NVDA|Nvidias|nvidia|NVDA|nvidias|Nvidia|NVDAs|NVIDIA
NVR,"nvr, inc.s|nvr|NVR, Inc.|NVRs|$NVR|$NVRs|NVR, INC.S|NVR, Inc.s|nvrs|NVR|NVRS|nvr, inc.|NVR, INC."
NXPI,NXP Semiconductors|nxp semiconductors|$NXPI|NXPIs|NXP SEMICONDUCTORS|NXPI|$NXPIs
ORLY,O'Reilly Auto Parts|$ORLYs|o'reilly auto parts|ORLY|$ORLY|O'REILLY AUTO PARTS|OREILLY AUTO PARTS|oreilly auto parts|ORLYs|OReilly Auto Parts
OXY,$OXYs|occidental petroleums|OCCIDENTAL PETROLEUM|OXY|occidental petroleum|OCCIDENTAL PETROLEUMS|Occidental Petroleum|OXYs|Occidental Petroleums|$OXY
ODFL,ODFLs|$ODFL|$ODFLs|OLD DOMINION|Old Dominion|ODFL|old dominions|old dominion|OLD DOMINIONS|Old Dominions
OMC,omnicoms|Omnicom|$OMCs|OMNICOMS|Omnicom Groups|Omnicoms|omnicom groups|OMCs|OMC|Omnicom Group|OMNICOM GROUPS|omnicom|OMNICOM|$OMC|OMNICOM GROUP|omnicom group
ON,ON Semiconductor|on semiconductors|ON SEMICONDUCTORS|$ON|ON SEMICONDUCTOR|ON Semiconductors|on semiconductor|$ONs
OKE,oneok|OKEs|oneoks|ONEOKS|$OKEs|$OKE|ONEOKs|OKE|ONEOK
ORCL,ORACLES|Oracle Corporation|oracle corporations|oracles|ORACLE CORPORATION|ORCLs|oracle corporation|Oracle|Oracles|ORCL|oracle|ORACLE|$ORCLs|$ORCL|ORACLE CORPORATIONS|Oracle Corporations
OTIS,Otis Worldwide|Otis Worldwides|$OTIS|$OTISs|OTIS WORLDWIDE|OTISs|OTIS|otis worldwides|OTIS WORLDWIDES|otis worldwide
PCAR,paccars|$PCAR|$PCARs|PACCAR|PCARs|paccar|PACCARS|Paccar|Paccars|PCAR
PKG,PKG|PKGs|$PKG|$PKGs|Packaging Corporation of America|packaging corporation of america|PACKAGING CORPORATION OF AMERICA|Packaging Corporation of Americas|packaging corporation of americas|PACKAGING CORPORATION OF AMERICAS
PLTR,PALANTIR|PLTRs|Palantir|Palantir Technologies|Palantirs|$PLTRs|PALANTIRS|palantir|palantir technologies|PALANTIR TECHNOLOGIES|palantirs|PLTR|$PLTR
PANW,$PANWs|PANW|PALO ALTO NETWORKS|PANWs|palo alto networks|Palo Alto Networks|$PANW
PARA,Paramount|$PARAs|PARAMOUNT GLOBAL|PARAs|PARA|paramounts|paramount globals|PARAMOUNT|Paramounts|paramount|$PARA|Paramount Globals|Paramount Global|PARAMOUNTS|PARAMOUNT GLOBALS|paramount global
PH,Parker Hannifin|PARKER HANNIFIN|$PH|Parker Hannifins|parker hannifins|PARKER HANNIFINS|$PHs|parker hannifin
PAYX,PAYCHEX|Paychexs|PAYX|PAYXs|Paychex|$PAYX|PAYCHEXS|$PAYXs|paychex|paychexs
PAYC,$PAYCs|paycom|Paycoms|paycoms|$PAYC|Paycom|PAYC|PAYCOM|PAYCOMS|PAYCs
PYPL,paypal|PayPals|$PYPLs|PYPLs|PAYPAL|PYPL|PayPal|$PYPL|PAYPALS|paypals
PNR,PENTAIR|pentair|$PNR|Pentair|Pentairs|PNRs|pentairs|$PNRs|PNR|PENTAIRS
PEP,PEPs|PepsiCos|PEPSI|pepsico|pepsi|Pepsi|PEPSICOS|$PEPs|PEPSICO|PepsiCo|PEP|Pepsis|$PEP|pepsicos|pepsis|PEPSIS
PFE,pfizer|PFIZER|$PFEs|PFEs|Pfizers|PFE|$PFE|pfizers|PFIZERS|Pfizer
PCG,$PCGs|PG&E CORPORATIONS|pg&e|PG&E Corporations|pg&e corporation|PCGs|PG&Es|PG&ES|PG&E|PG&E CORPORATION|pg&e corporations|PCG|$PCG|pg&es|PG&E Corporation
PM,Philip Morris International|PHILIP MORRIS INTERNATIONAL|Philip Morris Internationals|$PM|philip morris international|philip morris internationals|PHILIP MORRIS INTERNATIONALS|$PMs
PSX,phillips 66s|PHILLIPS 66S|PSX|PSXs|Phillips 66|$PSXs|PHILLIPS 66|phillips 66|Phillips 66s|$PSX
PNW,PNWs|PNW|$PNWs|PINNACLE WEST|Pinnacle West|pinnacle wests|$PNW|pinnacle west|Pinnacle Wests|PINNACLE WESTS
PNC,PNC|$PNC|PNC Financial Services|$PNCs|PNCs|PNC FINANCIAL SERVICES|pnc financial services
POOL,POOL|POOLs|$POOL|$POOLs|Pool Corporation|pool corporation|POOL CORPORATION|Pool Corporations|pool corporations|POOL CORPORATIONS
PPG,ppg industries|PPGs|$PPGs|$PPG|PPG INDUSTRIES|PPG Industries|PPG
PPL,PPL|PPLs|$PPL|$PPLs|PPL Corporation|ppl corporation|PPL CORPORATION|PPL Corporations|ppl corporations|PPL CORPORATIONS
PFG,PRINCIPAL FINANCIAL GROUPS|$PFGs|Principal Financial Group|Principal Financial Groups|principal financial groups|PRINCIPAL FINANCIAL|principal financials|PFGs|PRINCIPAL FINANCIAL GROUP|PRINCIPAL FINANCIALS|PFG|principal financial group|Principal Financials|Principal Financial|principal financial|$PFG
PG,PGs|Procter & Gamble|PROCTER & GAMBLES|procter gamble|procter & gamble|PROCTER GAMBLE|PG|Procter Gamble|$PG|PROCTER & GAMBLE|$PGs|Procter & Gambles|PROCTER GAMBLES|procter & gambles|procter gambles|Procter Gambles
PGR,PGR|PGRs|$PGR|$PGRs|Progressive Corporation|progressive corporation|PROGRESSIVE CORPORATION|Progressive Corporations|progressive corporations|PROGRESSIVE CORPORATIONS
PLD,Prologis|prologis|$PLD|PLDs|PROLOGIS|$PLDs|PLD
PRU,PRUs|Prudential Financials|PRU|Prudential Financial|PRUDENTIAL FINANCIALS|prudential financial|PRUDENTIAL FINANCIAL|$PRUs|$PRU|prudential financials
PEG,PEG|PEGs|$PEG|$PEGs|Public Service Enterprise Group|public service enterprise group|PUBLIC SERVICE ENTERPRISE GROUP|Public Service Enterprise Groups|public service enterprise groups|PUBLIC SERVICE ENTERPRISE GROUPS
PTC,PTC Inc.s|ptcs|PTCS|ptc inc.s|PTCs|ptc inc.|PTC INC.S|$PTC|ptc|$PTCs|PTC Inc.|PTC INC.|PTC
PSA,$PSA|$PSAs|Public Storage|public storage|PUBLIC STORAGE|Public Storages|public storages|PUBLIC STORAGES
PHM,pultegroups|PulteGroups|Pulte|PulteGroup|PULTES|PULTE|pultes|PULTEGROUPS|PHMs|PHM|PULTEGROUP|$PHMs|pultegroup|$PHM|Pultes|pulte
QRVO,qorvo|QORVOS|Qorvos|QORVO|Qorvo|QRVOs|QRVO|qorvos|$QRVOs|$QRVO
PWR,Quantas|QUANTAS|$PWRs|PWR|Quanta|quanta services|$PWR|quantas|PWRs|quanta|Quanta Services|QUANTA|QUANTA SERVICES
QCOM,qualcomm|QUALCOMM|QCOM|$QCOMs|Qualcomm|qualcomms|Qualcomms|QCOMs|$QCOM|QUALCOMMS
DGX,quest diagnostics|DGX|Quest Diagnostics|$DGX|QUEST DIAGNOSTICS|DGXs|$DGXs
RL,$RLs|ralph lauren|RALPH LAUREN|RLs|ralph laurens|Ralph Lauren Corporation|ralph lauren corporation|Ralph Lauren|Ralph Lauren Corporations|RALPH LAUREN CORPORATION|Ralph Laurens|RL|RALPH LAUREN CORPORATIONS|ralph lauren corporations|RALPH LAURENS|$RL
RJF,RJFs|Raymond James Financial|$RJFs|RAYMOND JAMES FINANCIALS|RAYMOND JAMES|RAYMOND JAMES FINANCIAL|RJF|raymond james financials|raymond james|Raymond James Financials|$RJF|Raymond James|raymond james financial
RTX,RTX|RTXs|$RTX|$RTXs|RTX Corporation|rtx corporation|RTX CORPORATION|RTX Corporations|rtx corporations|RTX CORPORATIONS
O,$Os|realty income|Realty Incomes|REALTY INCOMES|realty incomes|REALTY INCOME|$O|Realty Income
REG,REGs|$REG|regency centers|$REGs|REGENCY CENTERS|REG|Regency Centers
REGN,REGENERONS|Regenerons|REGN|REGENERON PHARMACEUTICALS|regeneron pharmaceuticals|regenerons|$REGNs|Regeneron Pharmaceuticals|Regeneron|REGNs|REGENERON|regeneron|$REGN
RF,REGIONS FINANCIAL|regions financial corporation|Regions Financial|regions financials|regions financial|Regions Financials|RF|REGIONS FINANCIAL CORPORATIONS|REGIONS FINANCIALS|RFs|REGIONS FINANCIAL CORPORATION|$RFs|regions financial corporations|Regions Financial Corporations|Regions Financial Corporation|$RF
RSG,$RSG|Republic Services|republic services|REPUBLIC SERVICES|$RSGs|RSG|RSGs
RMD,$RMD|RESMED|$RMDs|RMDs|ResMed|RMD|resmed|resmeds|ResMeds|RESMEDS
RVTY,revvitys|$RVTYs|revvity|Revvity|$RVTY|RVTYs|REVVITY|RVTY|Revvitys|REVVITYS
ROK,Rockwell Automations|Rockwell Automation|$ROKs|ROCKWELL AUTOMATION|rockwell automations|rockwell automation|ROCKWELL AUTOMATIONS|$ROK
ROL,"$ROL|ROLLINS|Rollins, Inc.s|Rollins|ROL|rollins, inc.|ROLs|ROLLINS, INC.|Rollins, Inc.|rollins, inc.s|$ROLs|ROLLINS, INC.S|rollins"
ROP,$ROP|roper technologies|$ROPs|ROPER TECHNOLOGIES|Roper Technologies|ROP|ROPs
ROST,ROSTs|$ROSTs|Ross Stores|$ROST|ROST|ross stores|ROSS STORES
RCL,ROYAL CARIBBEAN GROUP|$RCLs|ROYAL CARIBBEAN|royal caribbean|royal caribbeans|RCLs|$RCL|royal caribbean group|Royal Caribbeans|RCL|ROYAL CARIBBEAN GROUPS|Royal Caribbean Groups|royal caribbean groups|ROYAL CARIBBEANS|Royal Caribbean|Royal Caribbean Group
SPGI,s&p global|S&P Globals|SPGIs|S&P Global|$SPGI|S&P GLOBALS|$SPGIs|s&p globals|SPGI|S&P GLOBAL
CRM,CRM|SALESFORCE|$CRMs|salesforce|Salesforce|CRMs|salesforces|SALESFORCES|$CRM|Salesforces
SBAC,sba communications|SBA Communications|$SBAC|SBAC|SBA COMMUNICATIONS|SBACs|$SBACs
SLB,SLBs|Schlumberger|$SLBs|schlumberger|SCHLUMBERGERS|SLB|SCHLUMBERGER|$SLB|Schlumbergers|schlumbergers
STX,seagate technology|Seagate Technology|seagate technologys|Seagate Technologys|$STXs|STXs|SEAGATE TECHNOLOGYS|STX|SEAGATE TECHNOLOGY|$STX
SRE,SRE|SEMPRAS|$SREs|SEMPRA|Sempras|sempra|Sempra|sempras|SREs|$SRE
NOW,SERVICENOWS|$NOW|ServiceNows|servicenows|SERVICENOW|$NOWs|ServiceNow|servicenow
SHW,SHW|sherwin-williams|sherwin williams|SHWs|Sherwin-Williams|$SHW|$SHWs|Sherwin Williams|SHERWIN WILLIAMS|SHERWIN-WILLIAMS
SPG,Simon Property|simon property group|Simon Property Groups|SIMON PROPERTY GROUP|$SPGs|SIMON PROPERTY|SIMON PROPERTYS|Simon Property Group|simon property|Simon Propertys|SIMON PROPERTY GROUPS|SPG|simon property groups|$SPG|simon propertys|SPGs
SWKS,$SWKSs|skyworks solutions|SWKS|SKYWORKS SOLUTIONS|SWKSs|Skyworks Solutions|$SWKS
SJM,$SJM|j.m. smucker company (the)s|JM Smucker|$SJMs|JM Smuckers|j.m. smucker company (the)|jm smuckers|SJMs|J.M. SMUCKER COMPANY (THE)|J.M. SMUCKER COMPANY (THE)S|J.M. Smucker Company (The)|JM SMUCKER|J.M. Smucker Company (The)s|JM SMUCKERS|SJM|jm smucker
SW,SMURFIT WESTROCKS|Smurfit WestRocks|$SWs|smurfit westrocks|$SW|Smurfit WestRock|SMURFIT WESTROCK|smurfit westrock
SNA,SNA|SNAs|$SNA|$SNAs|Snap-on|snap-on|SNAP-ON|Snap-ons|snap-ons|SNAP-ONS
SOLV,SOLVENTUM|SOLV|Solventum|solventums|$SOLV|solventum|$SOLVs|Solventums|SOLVENTUMS|SOLVs
SO,SO|SOs|$SO|$SOs|Southern Company|southern company|SOUTHERN COMPANY|Southern Companys|southern companys|SOUTHERN COMPANYS
LUV,southwest airlines|LUVs|Southwest Airlines|SOUTHWEST AIRLINES|LUV|$LUV|$LUVs
SWK,stanley black deckers|Stanley Black Decker|stanley black & decker|STANLEY BLACK & DECKERS|Stanley Black & Decker|stanley black decker|Stanley Black Deckers|SWKs|stanley black & deckers|STANLEY BLACK DECKERS|STANLEY BLACK DECKER|SWK|$SWKs|$SWK|Stanley Black & Deckers|STANLEY BLACK & DECKER
SBUX,SBUXs|$SBUXs|$SBUX|starbucks|SBUX|Starbucks|STARBUCKS
STT,STATE STREET|STTs|STATE STREET CORPORATIONS|$STTs|state streets|STATE STREETS|State Street Corporation|state street corporation|state street|STT|STATE STREET CORPORATION|state street corporations|State Streets|State Street|$STT|State Street Corporations
STLD,STLD|steel dynamics|STLDs|STEEL DYNAMICS|Steel Dynamics|$STLDs|$STLD
STE,Steris|STERIS|steris|$STEs|$STE|STE|STEs
SYK,$SYK|stryker corporations|STRYKERS|$SYKs|STRYKER|Strykers|strykers|Stryker|stryker|STRYKER CORPORATION|stryker corporation|STRYKER CORPORATIONS|SYK|SYKs|Stryker Corporation|Stryker Corporations
SMCI,SMCIs|supermicro|Supermicros|$SMCI|supermicros|SUPERMICROS|Supermicro|$SMCIs|SUPERMICRO|SMCI
SYF,SYF|$SYF|SYNCHRONY FINANCIAL|synchrony financials|SYNCHRONY FINANCIALS|synchrony financial|Synchrony Financials|$SYFs|SYFs|Synchrony Financial
SNPS,synopsys|$SNPSs|SYNOPSYS|Synopsys|$SNPS|SNPS|SNPSs
SYY,SYY|SYYs|Sysco|$SYYs|sysco|SYSCO|Syscos|$SYY|syscos|SYSCOS
TMUS,T-MOBILE USS|T MOBILE|T-MOBILE US|t mobiles|$TMUS|TMUS|T-Mobile USs|t-mobile uss|t-mobile us|T MOBILES|TMUSs|T Mobiles|T Mobile|T-Mobile US|t mobile|$TMUSs
TROW,T. Rowe Prices|$TROW|T. Rowe Price|TROWs|t. rowe price|t. rowe prices|T. ROWE PRICES|TROW|T. ROWE PRICE|$TROWs
TTWO,take-two interactive|take-two interactives|TAKE-TWO INTERACTIVES|TAKE TWO|TTWOs|TTWO|take twos|TAKE TWOS|Take-Two Interactives|Take-Two Interactive|Take Two|take two|$TTWO|$TTWOs|TAKE-TWO INTERACTIVE|Take Twos
TPR,"TAPESTRY, INC.S|Tapestry|tapestrys|Tapestry, Inc.s|Tapestrys|TAPESTRY, INC.|$TPRs|Tapestry, Inc.|TPR|tapestry|$TPR|TPRs|tapestry, inc.|tapestry, inc.s|TAPESTRY|TAPESTRYS"
TRGP,TRGPs|targa resources|Targa Resources|TRGP|$TRGPs|$TRGP|TARGA RESOURCES
TGT,TARGET CORPORATION|$TGT|target|Target Corporations|target corporation|targets|target corporations|TGTs|TARGETS|TARGET|$TGTs|Target|Targets|TARGET CORPORATIONS|Target Corporation|TGT
TEL,$TEL|te connectivitys|$TELs|TE CONNECTIVITYS|TEL|TELs|TE Connectivitys|TE Connectivity|TE CONNECTIVITY|te connectivity
TDY,teledyne technologies|TDY|TDYs|$TDY|TELEDYNE TECHNOLOGIES|Teledyne Technologies|$TDYs
TFX,TFXs|Teleflexs|TFX|Teleflex|teleflex|TELEFLEX|teleflexs|$TFXs|TELEFLEXS|$TFX
TER,TER|$TERs|$TER|teradyne|teradynes|TERs|Teradyne|TERADYNES|Teradynes|TERADYNE
TSLA,"TESLAS|TSLAs|teslas|Tesla|TSLA|tesla, inc.s|TESLA, INC.S|TESLA|Tesla, Inc.|TESLA, INC.|$TSLAs|tesla, inc.|tesla|Teslas|$TSLA|Tesla, Inc.s"
TXN,TEXAS INSTRUMENTS|TXNs|Texas Instruments|TXN|texas instruments|$TXN|$TXNs
TPL,texas pacific land corporations|Texas Pacific Lands|$TPLs|TPL|$TPL|TEXAS PACIFIC LANDS|Texas Pacific Land|TEXAS PACIFIC LAND CORPORATION|texas pacific land corporation|Texas Pacific Land Corporations|texas pacific lands|TPLs|TEXAS PACIFIC LAND|texas pacific land|Texas Pacific Land Corporation|TEXAS PACIFIC LAND CORPORATIONS
TXT,TXT|textron|TEXTRONS|textrons|TXTs|$TXT|Textron|TEXTRON|Textrons|$TXTs
TMO,thermo fisher scientifics|$TMO|TMO|THERMO FISHER SCIENTIFICS|thermo fisher scientific|THERMO FISHER SCIENTIFIC|Thermo Fisher Scientific|Thermo Fisher Scientifics|TMOs|$TMOs
TJX,TJX|tjxs|TJX COMPANIES|tjx companies|TJXS|$TJX|TJXs|TJX Companies|tjx|$TJXs
TSCO,Tractor Supplys|Tractor Supply|TRACTOR SUPPLY|TRACTOR SUPPLYS|$TSCOs|tractor supply|TSCO|$TSCO|TSCOs|tractor supplys
TT,Trane Technologies|TT|$TTs|trane technologies|TRANE TECHNOLOGIES|TTs|$TT
TDG,transdigm|TDGs|TRANSDIGM GROUP|transdigm group|TransDigm Groups|$TDG|TransDigm Group|TDG|transdigms|TransDigms|$TDGs|TransDigm|TRANSDIGM GROUPS|TRANSDIGMS|transdigm groups|TRANSDIGM
TRV,$TRV|Travelers Companies (The)|TRAVELERS|Travelers Companies (The)s|TRAVELERS COMPANIES (THE)S|travelers companies (the)|travelers|TRAVELERS COMPANIES (THE)|travelers companies (the)s|Travelers|TRV|$TRVs|TRVs
TRMB,Trimbles|trimble|TRIMBLES|TRIMBLE INC.S|TRMBs|TRIMBLE INC.|trimble inc.|Trimble Inc.|Trimble Inc.s|$TRMBs|TRMB|Trimble|TRIMBLE|trimble inc.s|$TRMB|trimbles
TFC,Truist Financials|TRUIST FINANCIAL|$TFCs|TFCs|TFC|truist financials|TRUIST FINANCIALS|$TFC|truist financial|Truist Financial
TYL,Tyler Technologies|TYLER TECHNOLOGIES|$TYLs|TYLs|$TYL|tyler technologies|TYL
TSN,TSN|$TSNs|$TSN|TSNs|TYSON FOODS|tyson foods|Tyson Foods
USB,u.s. bancorp|u.s. bancorps|U.S. BANCORPS|U.S. Bancorp|$USBs|U.S. Bancorps|U.S. BANCORP|$USB
UBER,UBER|UBERs|Uber|$UBERs|ubers|$UBER|UBERS|Ubers|uber
UDR,"$UDRs|UDR, INC.|UDR, INC.S|udrs|UDR, Inc.|UDRs|udr, inc.s|$UDR|UDRS|udr, inc.|udr|UDR, Inc.s|UDR"
ULTA,$ULTA|$ULTAs|ULTA BEAUTYS|ulta beautys|Ulta Beauty|ulta beauty|ULTA BEAUTY|ULTA|ULTAs|Ulta Beautys
UNP,UNPs|union pacific corporation|union pacific corporations|Union Pacific|union pacifics|UNION PACIFICS|UNP|UNION PACIFIC CORPORATIONS|$UNPs|Union Pacific Corporations|Union Pacific Corporation|UNION PACIFIC CORPORATION|UNION PACIFIC|Union Pacifics|$UNP|union pacific
UAL,UNITED AIRLINES HOLDINGS|UALs|$UALs|UAL|$UAL|united airlines holdings|United Airlines Holdings
UPS,UNITED PARCEL SERVICES|UPSs|$UPSs|United Parcel Service|united parcel service|UNITED PARCEL SERVICE|United Parcel Services|united parcel services|$UPS|UPS
URI,URI|United Rentals|UNITED RENTALS|$URI|$URIs|URIs|united rentals
UNH,unitedhealths|UNITEDHEALTH|unitedhealth groups|unitedhealth group|UNH|UnitedHealth Group|UNITEDHEALTH GROUPS|$UNH|UnitedHealth|UNITEDHEALTH GROUP|UNITEDHEALTHS|UnitedHealth Groups|unitedhealth|UnitedHealths|UNHs|$UNHs
UHS,UNIVERSAL HEALTH SERVICES|universal health services|UHSs|Universal Health Services|$UHSs|UHS|$UHS
VLO,valero energy|VLO|Valero Energys|Valero Energy|valero energys|VLOs|$VLO|$VLOs|VALERO ENERGYS|VALERO ENERGY
VTR,VTRs|VTR|VENTAS|Ventas|ventas|$VTRs|$VTR
VLTO,veralto|VLTO|VLTOs|VERALTO|$VLTO|Veralto|veraltos|VERALTOS|$VLTOs|Veraltos
VRSN,VERISIGN|VRSN|Verisigns|$VRSN|verisigns|$VRSNs|VERISIGNS|verisign|VRSNs|Verisign
VRSK,$VRSKs|verisk analytics|$VRSK|Verisk Analytics|VERISK ANALYTICS|VRSK|VRSKs
VZ,$VZ|VERIZONS|verizon|Verizon|VERIZON|Verizons|verizons|VZs|$VZs|VZ
VRTX,VERTEX PHARMACEUTICALS|Vertex Pharmaceuticals|VRTX|vertex pharmaceuticals|$VRTXs|$VRTX|VRTXs
VTRS,$VTRS|VTRS|VIATRIS|$VTRSs|Viatris|VTRSs|viatris
VICI,VICIs|Vici Properties|vici properties|$VICI|$VICIs|VICI|VICI PROPERTIES
V,Visa|visa inc.s|VISAS|Visa Inc.|$V|VISA INC.|visas|$Vs|VISA|Visas|visa|visa inc.|Visa Inc.s|VISA INC.S
VST,VISTRAS|vistra corp.|$VSTs|VISTRA CORP.|vistra corp.s|VISTRA|VSTs|Vistra|Vistra Corp.s|Vistra Corp.|Vistras|vistras|$VST|VST|VISTRA CORP.S|vistra
VMC,VMC|Vulcan Materials|vulcan materials company|VMCs|VULCAN MATERIALS COMPANY|Vulcan Materials Company|Vulcan Materials Companys|vulcan materials companys|$VMC|VULCAN MATERIALS|$VMCs|VULCAN MATERIALS COMPANYS|vulcan materials
WRB,W. R. BERKLEY CORPORATION|W R Berkleys|$WRBs|W. R. BERKLEY CORPORATIONS|W R BERKLEYS|WRB|W. R. Berkley Corporation|W. R. Berkley Corporations|w r berkley|w. r. berkley corporation|WRBs|w. r. berkley corporations|W R BERKLEY|$WRB|w r berkleys|W R Berkley
GWW,w w grainger|W W Graingers|$GWW|W W GRAINGERS|GWW|W W Grainger|$GWWs|W. W. GRAINGER|GWWs|w. w. graingers|W. W. GRAINGERS|W. W. Graingers|W W GRAINGER|w w graingers|w. w. grainger|W. W. Grainger
WAB,WAB|$WAB|Wabtec|wabtec|WABTEC|wabtecs|WABTECS|$WABs|Wabtecs|WABs
WBA,$WBA|walgreens boots alliances|$WBAs|Walgreens Boots Alliance|WBAs|walgreens boots alliance|WALGREENS BOOTS ALLIANCE|WBA|Walgreens Boots Alliances|WALGREENS BOOTS ALLIANCES
WMT,WALMARTS|$WMT|WMTs|WMT|WALMART|Walmarts|walmarts|$WMTs|Walmart|walmart
DIS,$DIS|Disney|Disneys|DIS|WALT DISNEY COMPANY (THE)|walt disney company (the)s|WALT DISNEY COMPANY (THE)S|Walt Disney Company (The)|DISs|DISNEY|Walt Disney Company (The)s|disneys|DISNEYS|walt disney company (the)|$DISs|disney
WBD,warner|Warners|WARNER BROS. DISCOVERY|WARNER|warner bros. discovery|WBDs|Discovery|Warner Bros. Discoverys|warners|Discoverys|discovery|WBD|WARNERS|discoverys|$WBDs|WARNER BROS. DISCOVERYS|DISCOVERYS|$WBD|DISCOVERY|Warner Bros. Discovery|Warner|warner bros. discoverys
WM,WM|WMs|$WM|$WMs|Waste Management|waste management|WASTE MANAGEMENT|Waste Managements|waste managements|WASTE MANAGEMENTS
WAT,WAT|WATs|$WAT|$WATs|Waters Corporation|waters corporation|WATERS CORPORATION|Waters Corporations|waters corporations|WATERS CORPORATIONS
WEC,wec energy|WEC Energys|$WECs|WEC Energy|$WEC|WEC ENERGY GROUP|wec energy groups|WECs|WEC ENERGY GROUPS|WEC ENERGYS|wec energy group|WEC|WEC Energy Groups|WEC Energy Group|WEC ENERGY|wec energys
WFC,WFCs|Wells Fargos|$WFC|wells fargo|Wells Fargo|WELLS FARGO|WFC|$WFCs|wells fargos|WELLS FARGOS
WELL,welltowers|$WELL|WELL|$WELLs|Welltower|welltower|Welltowers|WELLs|WELLTOWERS|WELLTOWER
WST,West Pharmaceutical Services|WEST PHARMACEUTICAL SERVICES|west pharmaceutical services|$WSTs|WSTs|WST|$WST
WDC,$WDC|$WDCs|WESTERN DIGITALS|WDC|WESTERN DIGITAL|WDCs|western digitals|Western Digital|Western Digitals|western digital
WY,$WY|WY|weyerhaeuser|Weyerhaeusers|weyerhaeusers|WEYERHAEUSER|WEYERHAEUSERS|WYs|$WYs|Weyerhaeuser
WMB,WMB|WMBs|$WMB|$WMBs|Williams Companies|williams companies|WILLIAMS COMPANIES
WTW,willis towers watson|willis towers watsons|WTW|WILLIS TOWERS WATSONS|$WTWs|Willis Towers Watson|WILLIS TOWERS WATSON|$WTW|Willis Towers Watsons|WTWs
WYNN,wynn resorts|Wynn Resorts|WYNN RESORTS|$WYNN|WYNNs|WYNN|$WYNNs
XEL,Xcel Energys|XCEL ENERGYS|XELs|XCEL ENERGY|xcel energy|$XELs|Xcel Energy|xcel energys|XEL|$XEL
XYL,$XYLs|xylem inc.|xylem inc.s|Xylem Inc.s|xylems|XYLEM INC.|XYLEM INC.S|XYLEM|XYLs|XYLEMS|Xylem|xylem|Xylem Inc.|XYL|$XYL|Xylems
YUM,YUM|YUMs|$YUM|$YUMs|Yum! Brands|yum! brands|YUM! BRANDS
ZBRA,Zebra Technologies|ZBRAs|zebra technologies|ZEBRA TECHNOLOGIES|$ZBRA|$ZBRAs|ZBRA
ZBH,zimmer biomet|ZBHs|zimmer biomets|ZBH|$ZBHs|ZIMMER BIOMET|Zimmer Biomet|ZIMMER BIOMETS|$ZBH|Zimmer Biomets
ZTS,$ZTS|$ZTSs|Zoetis|ZTSs|ZTS|zoetis|ZOETIS
GME,$GME|$GMEs|GameStop Corporations|gamestop corporation|GameStop|GME|GAMESTOP CORPORATION|GAMESTOP CORPORATIONS|gamestop|GameStop Corporation|GAMESTOPS|gamestop corporations|GameStops|GMEs|GAMESTOP|gamestops
