symbol,search_terms
MMM,$MMMs|3ms|MMM|3Ms|$MMM|3M|3MS|MMMs|3m
AOS,AOS|A. O. Smiths|a. o. smiths|a.o. smith|A O SMITH|AO SMITH|a o smiths|a.o. smiths|$AOSs|a. o. smith|$AOS|AO SMITHS|A. O. SMITHS|A.O. SMITHS|AO Smith|ao smith|a o smith|AOSs|A. O. Smith|ao smiths|AO Smiths|A.O. Smiths|A.O. SMITH|A O Smiths|A. O. SMITH|A O Smith|A O SMITHS|A.O. Smith
ABT,abbott laboratories|ABBOTT LABORATORIES|ABTs|$ABTs|Abbott Laboratories|ABT|$ABT
ABBV,abbvies|$ABBVs|ABBVIE|ABBV|ABBVs|AbbVies|abbvie|AbbVie|ABBVIES|$ABBV
ACN,Accenture|Accentures|ACCENTURES|accentures|ACCENTURE|$ACN|ACNs|ACN|accenture|$ACNs
ADBE,adobe|Adobe|ADBEs|adobes|Adobe Inc.|ADOBE|ADOBE INC.|ADBE|$ADBE|Adobe Inc.s|$ADBEs|ADOBES|ADOBE INC.S|adobe inc.|adobe inc.s|Adobes
AMD,AMDs|Advanced Micro Devices|AMD|AMDS|ADVANCED MICRO DEVICES|amds|advanced micro devices|$AMD|amd|$AMDs
AES,AES CORPORATION|$AESs|aess|AES|aes corporation|AES Corporation|aes|AESS|AES CORPORATIONS|$AES|aes corporations|AES Corporations|AESs
AFL,$AFLs|Aflacs|$AFL|aflacs|AFLAC|AFLACS|aflac|Aflac
A,$As|agilent|Agilents|AGILENT TECHNOLOGIES|$A|Agilent|AGILENT|agilents|agilent technologies|AGILENTS|Agilent Technologies
APD,AIR PRODUCTS|$APDs|APD|APDs|Air Products|air products|$APD
ABNB,$ABNB|AIRBNB|ABNBs|ABNB|$ABNBs|airbnb|airbnbs|Airbnbs|Airbnb|AIRBNBS
AKAM,akamai technologies|AKAMs|akamais|AKAMAI|AKAMAIS|Akamai Technologies|$AKAMs|AKAMAI TECHNOLOGIES|Akamais|$AKAM|akamai|AKAM|Akamai
ALB,$ALB|ALB|albemarle corporation|ALBEMARLES|Albemarle Corporation|ALBEMARLE CORPORATIONS|Albemarle|Albemarles|albemarle|$ALBs|ALBs|Albemarle Corporations|albemarle corporations|albemarles|ALBEMARLE CORPORATION|ALBEMARLE
ARE,Alexandria Real Estate Equities|ALEXANDRIA REAL ESTATES|ALEXANDRIA REAL ESTATE EQUITIES|alexandria real estate|Alexandria Real Estate|ALEXANDRIA REAL ESTATE|$ARE|alexandria real estates|alexandria real estate equities|Alexandria Real Estates|$AREs
ALGN,align technologys|$ALGN|ALIGN TECHNOLOGY|ALGN|Align Technology|align technology|ALIGN TECHNOLOGYS|$ALGNs|ALGNs|Align Technologys
ALLE,ALLEs|$ALLE|allegions|allegion|ALLE|ALLEGION|ALLEGIONS|Allegions|Allegion|$ALLEs
LNT,Alliant Energy|$LNT|LNTs|$LNTs|ALLIANT ENERGYS|ALLIANT ENERGY|Alliant Energys|alliant energy|LNT|alliant energys
ALL,$ALL|allstate|ALLSTATE|Allstate|ALLSTATES|$ALLs|Allstates|allstates
GOOGL,ALPHABET INC. (CLASS A)|GOOGLs|alphabet inc. (class a)|Googles|ALPHABETS|GOOGLES|alphabet inc. (class a)s|Alphabet|Alphabets|alphabet|google|Alphabet Inc. (Class A)s|GOOGLE|GOOGL|ALPHABET|ALPHABET INC. (CLASS A)S|Alphabet Inc. (Class A)|alphabets|googles|$GOOGL|$GOOGLs|Google
GOOG,$GOOG|Alphabet Inc. (Class C)|Googles|$GOOGs|ALPHABETS|GOOGLES|ALPHABET INC. (CLASS C)|GOOG|Alphabet|Alphabets|alphabet inc. (class c)|alphabet|alphabet inc. (class c)s|google|Alphabet Inc. (Class C)s|GOOGLE|ALPHABET|alphabets|GOOGs|googles|Google|ALPHABET INC. (CLASS C)S
MO,MOs|$MO|MO|Altrias|ALTRIAS|Altria|altrias|ALTRIA|altria|$MOs
AMZN,$AMZN|$AMZNs|AMZN|AMAZONS|amazon|AMZNs|amazons|Amazon|AMAZON|Amazons
AMCR,$AMCRs|Amcor|$AMCR|Amcors|AMCOR|AMCORS|AMCRs|AMCR|amcors|amcor
AMTM,$AMTM|Amentum|amentum|Amentums|AMTM|AMTMs|amentums|AMENTUMS|$AMTMs|AMENTUM
AEE,$AEE|AEE|ameren|Ameren|$AEEs|AMERENS|AEEs|Amerens|AMEREN|amerens
AEP,American Electric Powers|$AEPs|AMERICAN ELECTRIC POWERS|AEPs|american electric power|AEP|$AEP|american electric powers|American Electric Power|AMERICAN ELECTRIC POWER
AXP,american express|AMERICAN EXPRESS|AXPs|AXP|American Express|$AXPs|$AXP
AIG,AMERICAN INTERNATIONAL GROUP|AMERICAN INTERNATIONAL GROUPS|American International|american international group|$AIG|$AIGs|american international|American Internationals|AMERICAN INTERNATIONALS|AIG|AIGs|American International Groups|american internationals|American International Group|american international groups|AMERICAN INTERNATIONAL
AMT,AMTs|american towers|American Towers|$AMTs|American Tower|AMT|$AMT|AMERICAN TOWERS|AMERICAN TOWER|american tower
AWK,AWKs|$AWK|$AWKs|AMERICAN WATER WORKS|american water works|American Water Works|AWK
AMP,Ameriprise Financial|$AMPs|Ameriprise Financials|AMP|ameriprise financials|AMERIPRISE FINANCIALS|AMPs|AMERIPRISE FINANCIAL|ameriprise financial|$AMP
AME,Ameteks|Ametek|AMETEK|ametek|$AMEs|AMETEKS|AME|$AME|AMEs|ameteks
AMGN,Amgens|$AMGNs|AMGN|amgens|Amgen|$AMGN|AMGEN|AMGNs|AMGENS|amgen
APH,$APH|AMPHENOLS|Amphenols|amphenols|APHs|amphenol|$APHs|Amphenol|AMPHENOL|APH
ADI,ADI|ADIs|$ADI|$ADIs|Analog Devices|analog devices|ANALOG DEVICES
ANSS,ANSYS|$ANSSs|ansys|$ANSS|ANSS|ANSSs|Ansys
AON,AONS|AONs|$AONs|aon|Aons|Aon|AON|$AON|aons
APA,APA Corporations|$APAs|APAs|apa corporation|APA CORPORATION|apa corporations|APA CORPORATIONS|APA Corporation|APA|APAS|$APA|apa|apas
AAPL,Apple|$AAPL|APPLE INC.|APPLE INC.S|$AAPLs|AAPLs|APPLES|apples|Apple Inc.|Apple Inc.s|AAPL|APPLE|Apples|apple inc.s|apple|apple inc.
AMAT,AMAT|applied materials|$AMATs|APPLIED MATERIALS|AMATs|Applied Materials|$AMAT
APTV,Aptivs|$APTVs|aptivs|APTIVS|aptiv|APTV|Aptiv|APTIV|$APTV|APTVs
ACGL,arch capital group|arch capitals|$ACGLs|$ACGL|Arch Capitals|ARCH CAPITAL GROUP|ARCH CAPITAL GROUPS|Arch Capital|Arch Capital Group|ACGL|ARCH CAPITALS|ARCH CAPITAL|Arch Capital Groups|ACGLs|arch capital groups|arch capital
ADM,ADMs|Archer Daniels Midlands|ADM|ARCHER DANIELS MIDLAND|$ADMs|archer daniels midlands|archer daniels midland|$ADM|Archer Daniels Midland|ARCHER DANIELS MIDLANDS
ANET,ANETs|ANET|Arista Networks|$ANETs|arista networks|ARISTA NETWORKS|$ANET
AJG,Arthur J Gallaghers|ARTHUR J GALLAGHERS|ARTHUR J GALLAGHER|AJGs|Arthur J. Gallagher & Co.|ARTHUR J. GALLAGHER & CO.S|arthur j. gallagher & co.|arthur j. gallagher & co.s|arthur j gallagher|arthur j gallaghers|$AJGs|Arthur J Gallagher|ARTHUR J. GALLAGHER & CO.|Arthur J. Gallagher & Co.s|$AJG|AJG
AIZ,Assurants|ASSURANTS|AIZs|assurants|assurant|$AIZ|Assurant|$AIZs|ASSURANT|AIZ
T,$T|AT&Ts|AT&T|AT&TS|at&ts|at&t|$Ts
ATO,ATMOS ENERGYS|Atmos|atmos energys|Atmos Energys|$ATO|atmos energy|$ATOs|Atmos Energy|atmos|ATOs|ATMOS|ATMOS ENERGY|ATO
ADSK,Autodesk|autodesks|AUTODESK|ADSK|$ADSK|$ADSKs|ADSKs|Autodesks|autodesk|AUTODESKS
ADP,automatic data processings|ADPs|Automatic Data Processing|automatic data processing|AUTOMATIC DATA PROCESSINGS|AUTOMATIC DATA PROCESSING|Automatic Data Processings|$ADPs|ADP|$ADP
AZO,AZOs|AutoZone|AZO|$AZOs|AUTOZONE|AUTOZONES|autozones|$AZO|autozone|AutoZones
AVB,avalonbay|$AVBs|AvalonBay|avalonbays|AVALONBAY COMMUNITIES|AVBs|$AVB|avalonbay communities|AVALONBAY|AVALONBAYS|AvalonBays|AvalonBay Communities|AVB
AVY,$AVY|AVERY DENNISONS|AVERY DENNISON|avery dennisons|avery dennison|Avery Dennison|AVYs|Avery Dennisons|$AVYs|AVY
AXON,axons|Axon|Axon Enterprise|AXON ENTERPRISES|axon enterprise|AXONs|$AXON|axon enterprises|Axon Enterprises|axon|AXON|AXONS|AXON ENTERPRISE|Axons|$AXONs
BKR,baker hughes|BAKER HUGHES|$BKR|Baker Hughes|$BKRs|BKRs|BKR
BALL,BALL|BALLs|$BALL|$BALLs|Ball Corporation|ball corporation|BALL CORPORATION|Ball Corporations|ball corporations|BALL CORPORATIONS
BAC,BOFA|bofa|BANK OF AMERICAS|BofA|bank of america|BOFAS|Bank of America|BANK OF AMERICA|Bank of Americas|BAC|$BACs|BACs|bofas|bank of americas|BofAs|$BAC
BAX,baxter international|Baxter International|BAXTER INTERNATIONALS|baxter internationals|$BAX|$BAXs|BAXs|BAX|BAXTER INTERNATIONAL|Baxter Internationals
BDX,BDX|BECTON DICKINSONS|BDXs|becton dickinsons|Becton Dickinsons|becton dickinson|Becton Dickinson|$BDX|BECTON DICKINSON|$BDXs
BRK.B,BERKSHIRE HATHAWAY|BERKSHIRE HATHAWAYS|Berkshire|BRK.B|BERKSHIRE|$BRK.Bs|berkshire hathaways|berkshire|berkshires|BERKSHIRES|berkshire hathaway|$BRK.B|Berkshire Hathaways|Berkshires|Berkshire Hathaway|BRK.Bs
BBY,$BBY|BEST BUYS|Best Buys|best buy|Best Buy|best buys|BBY|$BBYs|BBYs|BEST BUY
TECH,Bio-Technes|bio-techne|bio techne|BIO-TECHNE|BIO-TECHNES|Bio-Techne|Bio Technes|BIO TECHNE|BIO TECHNES|bio technes|$TECHs|TECH|$TECH|TECHs|Bio Techne|bio-technes
BIIB,$BIIBs|biogen|Biogens|BIOGENS|BIIB|BIIBs|Biogen|BIOGEN|$BIIB|biogens
BLK,BlackRock|BLK|BLACKROCKS|BLACKROCK|$BLK|blackrock|blackrocks|$BLKs|BLKs|BlackRocks
BX,blackstone inc.|Blackstone Inc.s|Blackstone|BLACKSTONE|Blackstones|BLACKSTONE INC.S|BXs|BLACKSTONES|BLACKSTONE INC.|$BX|blackstones|BX|blackstone|blackstone inc.s|Blackstone Inc.|$BXs
BK,bny mellons|BNY Mellon|$BKs|BK|BKs|BNY MELLONS|bny mellon|BNY Mellons|$BK|BNY MELLON
BA,$BAs|Boeings|BOEINGS|BOEING|$BA|boeings|boeing|Boeing
BKNG,BKNG|$BKNG|BOOKING.COMS|BKNGs|Booking Holdings|Booking.com|$BKNGs|booking.com|Booking.coms|booking.coms|booking holdings|BOOKING HOLDINGS|BOOKING.COM
BWA,BORGWARNER|$BWA|borgwarner|BWA|borgwarners|$BWAs|BWAs|BORGWARNERS|BorgWarner|BorgWarners
BSX,BOSTON SCIENTIFICS|BSXs|boston scientific|BOSTON SCIENTIFIC|BSX|boston scientifics|Boston Scientifics|$BSXs|Boston Scientific|$BSX
BMY,BMY|bristol myers squibbs|BRISTOL MYERS SQUIBBS|Bristol Myers Squibb|$BMY|BRISTOL MYERS SQUIBB|Bristol Myers Squibbs|BMYs|bristol myers squibb|$BMYs
AVGO,Broadcoms|AVGO|$AVGOs|BROADCOM|BROADCOMS|broadcom|AVGOs|Broadcom|broadcoms|$AVGO
BR,$BRs|BR|BRs|$BR|BROADRIDGE FINANCIAL SOLUTIONS|broadridge financial solutions|Broadridge Financial Solutions
BRO,BROs|$BRO|BRO|$BROs|brown & browns|BROWN & BROWN|Brown & Browns|Brown & Brown|BROWN & BROWNS|brown & brown
BF.B,BROWN–FORMAN|brown formans|Brown Formans|BF.B|Brown–Forman|BROWN FORMAN|BROWN FORMANS|Brown–Formans|brown forman|$BF.B|brown–forman|BROWN–FORMANS|brown–formans|BF.Bs|$BF.Bs|Brown Forman
BLDR,Builders FirstSource|BLDRs|$BLDR|BUILDERS FIRSTSOURCE|$BLDRs|BLDR|BUILDERS FIRSTSOURCES|builders firstsources|Builders FirstSources|builders firstsource
BG,$BG|BGs|$BGs|BUNGE GLOBAL|bunge globals|BUNGE GLOBALS|bunge global|Bunge Globals|BG|Bunge Global
BXP,"BXPs|BXP, INC.S|bxp|bxp, inc.s|BXP, Inc.|BXP|bxp, inc.|$BXP|BXP, INC.|$BXPs|bxps|BXP, Inc.s|BXPS"
CHRW,c.h. robinson|C.H. ROBINSON|CHRWs|CHRW|$CHRWs|C.H. Robinson|$CHRW|c.h. robinsons|C.H. ROBINSONS|C.H. Robinsons
CDNS,CDNS|cadence design systems|$CDNSs|$CDNS|CDNSs|CADENCE DESIGN SYSTEMS|Cadence Design Systems
CZR,CAESARS ENTERTAINMENTS|CAESARS ENTERTAINMENT|CZR|caesars entertainment|Caesars Entertainments|$CZRs|Caesars Entertainment|caesars entertainments|CZRs|$CZR
CPT,camden property trusts|CPTs|$CPTs|camden property trust|Camden Property Trust|$CPT|Camden Property Trusts|CAMDEN PROPERTY TRUST|CPT|CAMDEN PROPERTY TRUSTS
CPB,CPBs|campbell soup companys|Campbell Soup Companys|Campbell Soups|$CPBs|CAMPBELL SOUP COMPANYS|Campbell Soup Company|CPB|campbell soup|CAMPBELL SOUPS|campbell soups|CAMPBELL SOUP COMPANY|CAMPBELL SOUP|Campbell Soup|campbell soup company|$CPB
COF,capital one|COFs|$COFs|Capital Ones|CAPITAL ONES|$COF|COF|Capital One|CAPITAL ONE|capital ones
CAH,CARDINAL HEALTHS|cardinal healths|cardinal health|Cardinal Health|$CAH|$CAHs|Cardinal Healths|CARDINAL HEALTH|CAH|CAHs
KMX,$KMX|CarMaxs|carmaxs|CarMax|KMXs|$KMXs|CARMAX|carmax|KMX|CARMAXS
CCL,CARNIVAL|$CCLs|carnivals|CARNIVALS|CCLs|CCL|Carnivals|Carnival|$CCL|carnival
CARR,CARRs|CARRIER GLOBAL|Carrier Globals|carrier globals|$CARR|CARRIER GLOBALS|$CARRs|Carrier Global|carrier global|CARR
CAT,CATs|Caterpillar Inc.s|Caterpillar|caterpillar inc.s|$CAT|caterpillar inc.|CATERPILLAR INC.S|$CATs|caterpillars|CATERPILLARS|CATERPILLAR INC.|Caterpillar Inc.|caterpillar|Caterpillars|CAT|CATERPILLAR
CBOE,CBOEs|cboe|$CBOEs|$CBOE|Cboes|cboes|CBOE|cboe global markets|CBOE GLOBAL MARKETS|Cboe|Cboe Global Markets|CBOES
CBRE,CBRE GROUPS|CBRE Group|CBRES|CBRE GROUP|CBRE Groups|cbre group|cbre groups|CBREs|CBRE|$CBRE|$CBREs|cbre|cbres
CDW,cdws|$CDW|CDWs|CDWS|CDW|$CDWs|cdw
CE,celanese|CEs|CELANESE|$CEs|Celanese|CE|celaneses|Celaneses|CELANESES|$CE
COR,cencoras|Cencora|$COR|Cencoras|$CORs|cencora|CENCORA|CENCORAS|COR|CORs
CNC,Centene|centenes|centene corporation|CNC|CENTENE|$CNC|Centene Corporations|centene corporations|Centenes|CENTENE CORPORATIONS|CENTENE CORPORATION|centene|Centene Corporation|CNCs|$CNCs|CENTENES
CNP,CNP|CNPs|CENTERPOINT|centerpoint|CenterPoints|CenterPoint Energys|$CNPs|centerpoint energys|CENTERPOINT ENERGYS|CENTERPOINTS|CENTERPOINT ENERGY|$CNP|CenterPoint Energy|centerpoint energy|CenterPoint|centerpoints
CF,CF|CF Industries|cf industries|$CF|CF INDUSTRIES|CFs|$CFs
CRL,Charles River|$CRL|charles river laboratories|charles rivers|CRLs|CRL|CHARLES RIVER|Charles Rivers|$CRLs|CHARLES RIVER LABORATORIES|CHARLES RIVERS|charles river|Charles River Laboratories
SCHW,Charles Schwab Corporations|SCHWAB|Charles Schwab Corporation|charles schwab corporation|SCHW|$SCHW|schwab|$SCHWs|SCHWs|CHARLES SCHWAB CORPORATION|CHARLES SCHWAB CORPORATIONS|Schwab|Schwabs|SCHWABS|schwabs|charles schwab corporations
CHTR,CHTRs|$CHTR|Charter Communications|CHTR|$CHTRs|CHARTER COMMUNICATIONS|charter communications
CVX,$CVX|CVXs|chevron corporation|chevron|CHEVRON CORPORATION|Chevrons|Chevron Corporations|CHEVRONS|Chevron|CVX|Chevron Corporation|chevrons|chevron corporations|$CVXs|CHEVRON|CHEVRON CORPORATIONS
CMG,CHIPOTLES|chipotle mexican grill|$CMG|chipotle mexican grills|CHIPOTLE|$CMGs|Chipotle|CHIPOTLE MEXICAN GRILLS|Chipotle Mexican Grill|Chipotle Mexican Grills|chipotle|CHIPOTLE MEXICAN GRILL|chipotles|CMG|Chipotles|CMGs
CB,CB|Chubb Limiteds|Chubbs|CHUBB|CHUBB LIMITED|chubb limiteds|Chubb Limited|$CB|$CBs|CHUBB LIMITEDS|Chubb|chubbs|chubb limited|chubb|CBs|CHUBBS
CHD,church & dwights|CHD|CHDs|church & dwight|Church Dwight|CHURCH DWIGHT|Church Dwights|CHURCH & DWIGHTS|Church & Dwights|Church & Dwight|$CHD|church dwights|$CHDs|CHURCH & DWIGHT|CHURCH DWIGHTS|church dwight
CI,Cigna|cignas|CI|$CIs|CIs|cigna|CIGNAS|Cignas|$CI|CIGNA
CINF,CINCINNATI FINANCIALS|CINFs|CINF|cincinnati financial|$CINFs|$CINF|Cincinnati Financials|CINCINNATI FINANCIAL|Cincinnati Financial|cincinnati financials
CTAS,$CTAS|CTAS|cintas|CTASs|$CTASs|CINTAS|Cintas
CSCO,$CSCO|Cisco|CISCO|$CSCOs|ciscos|CSCOs|CISCOS|CSCO|Ciscos|cisco
C,Citigroups|Citigroup|citigroups|CITIGROUP|citigroup|$C|CITIGROUPS|$Cs
CFG,CITIZENS FINANCIAL GROUPS|citizens financial|CITIZENS FINANCIAL GROUP|CITIZENS FINANCIALS|citizens financial group|Citizens Financial Groups|Citizens Financials|Citizens Financial Group|CFGs|CITIZENS FINANCIAL|$CFG|$CFGs|Citizens Financial|citizens financials|CFG|citizens financial groups
CLX,CLXs|$CLX|Cloroxs|Clorox|CLX|CLOROXS|$CLXs|CLOROX|cloroxs|clorox
CME,cme|cme groups|$CMEs|CME|$CME|CMES|CME Groups|CMEs|CME Group|cme group|cmes|CME GROUP|CME GROUPS
CMS,CMSs|CMS Energy|cms energy|CMS ENERGY|CMS ENERGYS|$CMSs|$CMS|CMS Energys|cms energys|CMS
KO,KOs|COCA COLAS|Coca-Cola Company (The)s|$KOs|coca cola|Coca Colas|COCA-COLA COMPANY (THE)|Coca Cola|COCA COLA|KO|coca-cola company (the)s|COCA-COLA COMPANY (THE)S|coca colas|Coca-Cola Company (The)|coca-cola company (the)|$KO
CTSH,CTSHs|COGNIZANTS|CTSH|Cognizants|COGNIZANT|$CTSH|cognizant|Cognizant|cognizants|$CTSHs
CL,Colgates|colgate|CLs|colgate-palmolives|Colgate|COLGATE-PALMOLIVES|Colgate-Palmolives|Palmolive|palmolive|Palmolives|PALMOLIVE|colgates|PALMOLIVES|COLGATE-PALMOLIVE|Colgate-Palmolive|$CL|$CLs|CL|palmolives|colgate-palmolive|COLGATE|COLGATES
CMCSA,COMCAST|$CMCSAs|comcasts|Comcasts|COMCASTS|Comcast|$CMCSA|comcast|CMCSAs|CMCSA
CAG,CONAGRAS|CONAGRA|$CAG|conagras|conagra brands|Conagras|CAG|CONAGRA BRANDS|Conagra Brands|Conagra|conagra|CAGs|$CAGs
COP,conocophillips|CONOCOPHILLIPS|$COPs|ConocoPhillips|$COP
ED,Consolidated Edison|consolidated edison|ED|consolidated edisons|EDs|CONSOLIDATED EDISON|$ED|Consolidated Edisons|$EDs|CONSOLIDATED EDISONS
STZ,STZs|$STZs|STZ|constellation brands|CONSTELLATION BRANDS|$STZ|Constellation Brands
CEG,Constellation Energys|CEGs|$CEGs|CONSTELLATION ENERGY|$CEG|constellation energy|CEG|constellation energys|CONSTELLATION ENERGYS|Constellation Energy
COO,COOPER COMPANIES (THE)S|COOPER|Cooper Companies (The)s|Coopers|cooper companies (the)|$COO|Cooper Companies (The)|coopers|COOPERS|Cooper|cooper|$COOs|COOPER COMPANIES (THE)|cooper companies (the)s
CPRT,Copart|$CPRTs|copart|CPRT|COPART|CPRTs|$CPRT|COPARTS|coparts|Coparts
GLW,CORNING INC.|$GLW|Corning Inc.|corning inc.s|CORNING|GLW|CORNING INC.S|Corning|cornings|$GLWs|Cornings|GLWs|CORNINGS|Corning Inc.s|corning inc.|corning
CPAY,Corpays|CORPAYS|CPAYs|CPAY|Corpay|$CPAYs|corpay|corpays|$CPAY|CORPAY
CTVA,CORTEVAS|corteva|$CTVAs|Corteva|CTVAs|$CTVA|CTVA|CORTEVA|Cortevas|cortevas
CSGP,COSTAR GROUP|COSTARS|CSGPs|costar group|costar|CoStar|COSTAR|$CSGP|costar groups|costars|CoStar Groups|CoStars|CSGP|COSTAR GROUPS|$CSGPs|CoStar Group
COST,Costcos|$COSTs|costcos|COSTs|COSTCOS|costco|COSTCO|$COST|COST|Costco
CTRA,COTERRAS|CTRAs|COTERRA|coterras|$CTRAs|$CTRA|Coterras|CTRA|Coterra|coterra
CRWD,crowdstrike|CROWDSTRIKES|$CRWDs|CrowdStrikes|crowdstrikes|CROWDSTRIKE|CrowdStrike|CRWDs|$CRWD|CRWD
CCI,crown castle|crown castles|Crown Castle|Crown Castles|CROWN CASTLE|CCI|CROWN CASTLES|$CCIs|CCIs|$CCI
CSX,$CSX|CSXS|CSX CORPORATION|csx corporations|CSXs|csx corporation|csxs|CSX Corporation|csx|$CSXs|CSX CORPORATIONS|CSX|CSX Corporations
CMI,cummins|CMI|CUMMINS|$CMIs|Cummins|CMIs|$CMI
CVS,CVS HEALTHS|CVSs|CVS Healths|CVS HEALTH|CVS Health|CVS|cvs health|cvs healths|$CVS|$CVSs
DHR,danaher|DANAHER CORPORATIONS|Danaher Corporation|Danaher|$DHR|DANAHER|DHRs|Danahers|Danaher Corporations|danaher corporations|danaher corporation|DANAHER CORPORATION|$DHRs|DANAHERS|DHR|danahers
DRI,DRIs|$DRIs|DRI|DARDEN RESTAURANTS|Darden Restaurants|darden restaurants|$DRI
DVA,DaVita|DAVITAS|davitas|DaVitas|$DVA|$DVAs|DVAs|DVA|davita|DAVITA
DAY,$DAY|dayforce|$DAYs|Dayforce|DAYFORCE|dayforces|DAYFORCES|Dayforces
DECK,$DECK|DECKERS BRANDS|uggs|UGG|Deckers Brands|$DECKs|deckers|DECKERS|DECKs|Ugg|DECK|ugg|Deckers|UGGS|Uggs|deckers brands
DE,DEERES|DE|deere & companys|deere & company|Deere|DEs|DEERE|$DE|DEERE & COMPANY|deere|deeres|$DEs|DEERE & COMPANYS|Deeres|Deere & Companys|Deere & Company
DELL,DELLs|dell technologies|DELL|$DELLs|DELL TECHNOLOGIES|Dell Technologies|$DELL
DAL,Delta Airs|Delta Air Lines|DELTA AIR LINES|DAL|DELTA AIR|Delta Air|delta air|delta airs|DALs|delta air lines|DELTA AIRS|$DAL|$DALs
DVN,$DVNs|devon energys|$DVN|Devon Energys|DVN|devon energy|DEVON ENERGYS|Devon Energy|DVNs|DEVON ENERGY
DXCM,DXCMs|$DXCMs|dexcoms|Dexcoms|Dexcom|DEXCOMS|DXCM|$DXCM|dexcom|DEXCOM
FANG,Diamondback Energy|$FANGs|diamondback energys|$FANG|Diamondback Energys|DIAMONDBACK ENERGYS|diamondback energy|FANG|DIAMONDBACK ENERGY|FANGs
DLR,Digital Realtys|Digital Realty|DLRs|$DLR|DLR|DIGITAL REALTY|DIGITAL REALTYS|digital realty|digital realtys|$DLRs
DFS,discover financials|$DFSs|$DFS|discover financial|Discover Financials|DISCOVER FINANCIAL|DISCOVER FINANCIALS|DFSs|DFS|Discover Financial
DG,$DGs|DOLLAR GENERAL|Dollar Generals|$DG|DOLLAR GENERALS|dollar general|Dollar General|dollar generals
DLTR,DLTRs|dollar trees|dollar tree|DLTR|DOLLAR TREE|$DLTRs|Dollar Trees|Dollar Tree|DOLLAR TREES|$DLTR
D,DOMINION ENERGYS|$D|$Ds|DOMINION ENERGY|dominion energys|Dominion Energy|Dominion Energys|dominion energy
DPZ,$DPZ|DPZ|DPZs|$DPZs|DOMINOS|Dominos|domino's|DOMINO'S|dominos|Domino's
DOV,$DOVs|DOV|$DOV|Dover Corporations|dover|dovers|DOVs|DOVER|Dovers|dover corporations|dover corporation|Dover Corporation|Dover|DOVER CORPORATION|DOVERS|DOVER CORPORATIONS
DOW,dow inc.|Dows|Dow Inc.s|DOW|Dow Inc.|$DOW|dow inc.s|Dow|dow|$DOWs|DOW INC.|DOWS|DOW INC.S|dows|DOWs
DHI,D. R. HORTONS|DHIs|$DHI|D R Horton|D R Hortons|d. r. hortons|D R HORTON|D. R. HORTON|$DHIs|D R HORTONS|d r horton|d r hortons|DHI|D. R. Horton|D. R. Hortons|d. r. horton
DTE,DTE Energys|DTE ENERGY|DTE ENERGYS|$DTEs|DTEs|DTE|dte energys|DTE Energy|dte energy|$DTE
DUK,DUKs|DUK|DUKE ENERGY|DUKE ENERGYS|Duke Energys|duke energy|$DUK|$DUKs|Duke Energy|duke energys
DD,DUPONTS|DuPonts|dupont|DD|duponts|DuPont|DDs|$DD|$DDs|DUPONT
EMN,EMNs|$EMNs|eastman chemical company|EASTMAN CHEMICAL COMPANY|eastman chemicals|Eastman Chemicals|EASTMAN CHEMICALS|EMN|EASTMAN CHEMICAL|$EMN|eastman chemical|Eastman Chemical Companys|eastman chemical companys|EASTMAN CHEMICAL COMPANYS|Eastman Chemical|Eastman Chemical Company
ETN,eaton|$ETN|EATON CORPORATION|eaton corporations|Eaton Corporations|EATON|ETNs|eatons|Eatons|eaton corporation|Eaton|EATONS|ETN|Eaton Corporation|EATON CORPORATIONS|$ETNs
EBAY,eBays|$EBAYs|$EBAY|ebay|ebays|EBAYS|eBay|EBAY|EBAYs
ECL,Ecolab|$ECL|ECL|ECLs|Ecolabs|ecolab|ECOLABS|ECOLAB|ecolabs|$ECLs
EIX,$EIXs|edison international|EIXs|EIX|Edison Internationals|EDISON INTERNATIONAL|edison internationals|EDISON INTERNATIONALS|$EIX|Edison International
EW,EW|Edwards Lifesciences|EWs|edwards lifesciences|EDWARDS LIFESCIENCES|$EWs|$EW
EA,ELECTRONIC ARTS|Electronic Arts|EAs|electronic arts|$EAs|EA|$EA
ELV,ELEVANCE HEALTHS|ELEVANCE HEALTH|$ELVs|ELV|elevance health|$ELV|ELVs|Elevance Health|Elevance Healths|elevance healths
EMR,EMERSON ELECTRIC|Emerson Electrics|Emerson Electric|$EMRs|emerson electric|$EMR|EMERSON ELECTRICS|EMRs|emerson electrics|EMR
ENPH,enphase energy|Enphase Energy|Enphase Energys|enphase energys|$ENPHs|$ENPH|ENPH|ENPHs|ENPHASE ENERGY|ENPHASE ENERGYS
ETR,entergys|ETRs|$ETR|entergy|ETR|Entergys|Entergy|ENTERGY|ENTERGYS|$ETRs
EOG,eog resources|EOGs|EOG|EOG RESOURCES|$EOG|$EOGs|EOG Resources
EPAM,EPAMs|$EPAM|EPAM SYSTEMS|$EPAMs|EPAM|epam systems|EPAM Systems
EQT,eqts|EQT Corporation|$EQT|EQT CORPORATIONS|eqt corporations|$EQTs|eqt corporation|EQT CORPORATION|EQTS|EQT Corporations|EQTs|EQT|eqt
EFX,EFXs|Equifax|EQUIFAX|equifax|equifaxs|Equifaxs|EQUIFAXS|EFX|$EFX|$EFXs
EQIX,EQIXs|equinix|EQUINIXS|equinixs|Equinixs|Equinix|EQIX|EQUINIX|$EQIXs|$EQIX
EQR,equity residentials|Equity Residential|Equity Residentials|EQUITY RESIDENTIALS|EQUITY RESIDENTIAL|EQRs|EQR|$EQRs|$EQR|equity residential
ERIE,ERIE INDEMNITYS|$ERIEs|ERIE|Erie Indemnitys|Erie Indemnity|ERIE INDEMNITY|$ERIE|erie indemnitys|erie indemnity|ERIEs
ESS,Essex Property Trust|ESSEX PROPERTY TRUST|Essex Property Trusts|essex property trusts|essex property trust|$ESS|ESS|ESSEX PROPERTY TRUSTS|ESSs|$ESSs
EL,$ELs|estee lauder|ESTEE LAUDERS|$EL|Estee Lauder|estée lauder companies (the)|Estée Lauder Companies (The)|ESTÉE LAUDER COMPANIES (THE)S|Estee Lauders|Estée Lauder Companies (The)s|ESTEE LAUDER|ESTÉE LAUDER COMPANIES (THE)|estee lauders|estée lauder companies (the)s
EG,EVEREST GROUPS|everest groups|Everest Groups|Everest Group|everest|Everests|EVEREST GROUP|$EG|EVEREST|everests|everest group|EGs|EVERESTS|$EGs|Everest|EG
EVRG,EVRG|EVERGYS|EVERGY|evergy|evergys|Evergy|$EVRG|Evergys|EVRGs|$EVRGs
ES,$ESs|eversource energys|eversource energy|EVERSOURCE ENERGYS|$ES|ES|EVERSOURCE ENERGY|Eversource Energy|Eversource Energys|ESs
EXC,EXCs|Exelon|EXELONS|exelon|EXELON|exelons|Exelons|$EXCs|EXC|$EXC
EXPE,expedias|EXPEs|expedia group|EXPEDIA GROUP|Expedia Groups|Expedia|$EXPEs|EXPEDIA GROUPS|expedia groups|Expedia Group|EXPE|$EXPE|EXPEDIA|Expedias|expedia|EXPEDIAS
EXPD,Expeditors Internationals|EXPEDITORS INTERNATIONALS|$EXPD|EXPDs|expeditors international|EXPD|EXPEDITORS INTERNATIONAL|Expeditors International|expeditors internationals|$EXPDs
EXR,EXR|Extra Space Storage|Extra Space Storages|extra space storages|EXTRA SPACE STORAGE|extra space storage|EXRs|$EXRs|$EXR|EXTRA SPACE STORAGES
XOM,EXXONMOBIL|exxonmobils|$XOM|EXXONMOBILS|XOM|ExxonMobils|$XOMs|exxonmobil|XOMs|ExxonMobil
FFIV,"f5, inc.s|F5, Inc.|f5|$FFIVs|$FFIV|F5, INC.S|F5S|FFIVs|F5s|f5s|f5, inc.|F5, Inc.s|F5, INC.|F5|FFIV"
FDS,factsets|FDS|factset|FDSs|$FDS|FactSets|FACTSETS|$FDSs|FACTSET|FactSet
FICO,fair isaac|$FICOs|fair isaacs|Fair Isaacs|Fair Isaac|FICO|FICOs|$FICO|FAIR ISAACS|FAIR ISAAC
FAST,Fastenal|Fastenals|$FASTs|FASTENAL|fastenal|FASTENALS|fastenals|$FAST
FRT,FRT|FRTs|$FRT|$FRTs|Federal Realty Investment Trust|federal realty investment trust|FEDERAL REALTY INVESTMENT TRUST|Federal Realty Investment Trusts|federal realty investment trusts|FEDERAL REALTY INVESTMENT TRUSTS
FDX,FDX|$FDX|FDXs|FEDEX|FedExs|fedex|FEDEXS|$FDXs|fedexs|FedEx
FIS,FISS|fidelity national information services|FIS|FIDELITY NATIONAL INFORMATION SERVICES|fis|$FISs|Fidelity National Information Services|$FIS|fiss|FISs
FITB,FIFTH THIRD BANCORPS|$FITBs|Fifth Third Bancorp|fifth third bancorps|Fifth Third Bancorps|$FITB|fifth third bancorp|FITB|FITBs|FIFTH THIRD BANCORP
FSLR,$FSLRs|FIRST SOLARS|First Solar|FSLR|first solar|FIRST SOLAR|FSLRs|$FSLR|first solars|First Solars
FE,FIRSTENERGYS|FirstEnergy|FEs|FIRSTENERGY|$FE|FirstEnergys|$FEs|firstenergy|FE|firstenergys
FI,Fiserv|fiserv|FI|$FIs|Fiservs|$FI|FIs|FISERV|fiservs|FISERVS
FMC,FMCS|FMC Corporation|FMC Corporations|fmcs|FMC|FMC CORPORATION|FMCs|fmc corporations|$FMC|fmc|FMC CORPORATIONS|$FMCs|fmc corporation
F,$F|ford motor companys|FORD MOTOR COMPANYS|Ford Motor Company|Ford Motor|FORD MOTORS|FORD MOTOR COMPANY|FORD MOTOR|ford motors|$Fs|ford motor|Ford Motors|Ford Motor Companys|ford motor company
FTNT,$FTNTs|fortinets|$FTNT|FORTINET|Fortinet|fortinet|Fortinets|FTNTs|FTNT|FORTINETS
FTV,fortive|FORTIVE|FTVs|Fortive|fortives|FORTIVES|FTV|Fortives|$FTVs|$FTV
FOXA,fox|$FOXAs|FOXAs|FOXS|Fox|Foxs|Fox Corporation (Class A)|FOXA|$FOXA|fox corporation (class a)s|Fox Corporation (Class A)s|FOX CORPORATION (CLASS A)S|FOX CORPORATION (CLASS A)|FOX|foxs|fox corporation (class a)
FOX,fox|FOXs|Fox Corporation (Class B)|fox corporation (class b)|FOXS|Fox|Fox Corporation (Class B)s|FOX CORPORATION (CLASS B)|Foxs|FOX CORPORATION (CLASS B)S|FOX|fox corporation (class b)s|$FOX|foxs|$FOXs
BEN,FRANKLIN RESOURCES|$BENs|Franklin Resources|BENs|BEN|$BEN|franklin resources
FCX,FREEPORT MCMORANS|FREEPORT MCMORAN|freeport mcmorans|FREEPORT-MCMORAN|FREEPORT-MCMORANS|Freeport McMoRan|FCXs|$FCXs|Freeport-McMoRans|freeport-mcmorans|$FCX|freeport mcmoran|FCX|Freeport-McMoRan|Freeport McMoRans|freeport-mcmoran
GRMN,Garmins|GRMNs|Garmin|garmin|$GRMNs|$GRMN|garmins|GARMIN|GARMINS|GRMN
IT,Gartner|gartners|$ITs|Gartners|GARTNERS|gartner|GARTNER|$IT
GE,General Electric|GEs|$GEs|ge aerospaces|general electrics|GENERAL ELECTRICS|GENERAL ELECTRIC|General Electrics|GE|GE Aerospaces|GE AEROSPACE|general electric|GE AEROSPACES|GE Aerospace|$GE|ge aerospace
GEHC,$GEHCs|GE|GE HealthCares|ge healthcares|GE HealthCare|GENERAL ELECTRICS|GEHC|general electric|GE HEALTHCARES|GEs|$GEHC|General Electrics|ges|GES|ge healthcare|General Electric|general electrics|GE HEALTHCARE|GENERAL ELECTRIC|GEHCs|ge
GEV,GE VERNOVA|GE|ge vernova|GENERAL ELECTRICS|general electric|GE VERNOVAS|GE Vernovas|GEs|General Electrics|ges|GES|ge vernovas|$GEV|General Electric|general electrics|GEV|GENERAL ELECTRIC|$GEVs|GEVs|ge|GE Vernova
GEN,GEN|gen digitals|Gen Digital|$GEN|GENs|GEN DIGITAL|GEN DIGITALS|gen digital|Gen Digitals|$GENs
GNRC,Generacs|GENERAC|GENERACS|generac|Generac|GNRCs|$GNRC|$GNRCs|generacs|GNRC
GD,$GDs|GDs|$GD|general dynamics|General Dynamics|GENERAL DYNAMICS|GD
GIS,general mills|$GIS|GIS|$GISs|GISs|General Mills|GENERAL MILLS
GM,General Motors|$GMs|$GM|GENERAL MOTORS|general motors
GPC,genuine parts|Genuine Parts|Genuine Parts Company|GENUINE PARTS|$GPC|GPC|GPCs|genuine parts companys|GENUINE PARTS COMPANYS|GENUINE PARTS COMPANY|Genuine Parts Companys|$GPCs|genuine parts company
GILD,$GILD|$GILDs|GILDs|GILD|GILEAD SCIENCES|Gilead Sciences|gilead sciences
GPN,GLOBAL PAYMENTS|$GPN|global payments|Global Payments|GPN|GPNs|$GPNs
GL,GLs|Globe Life|globe lifes|globe life|GLOBE LIFE|$GL|Globe Lifes|GLOBE LIFES|GL|$GLs
GDDY,GoDaddys|$GDDYs|godaddys|GoDaddy|GODADDY|godaddy|GDDY|GODADDYS|GDDYs|$GDDY
GS,GSs|goldman sachs|$GS|$GSs|GS|Goldman Sachs|GOLDMAN SACHS
HAL,halliburton|HALLIBURTON|halliburtons|HAL|HALLIBURTONS|Halliburton|$HAL|Halliburtons|HALs|$HALs
HIG,HARTFORD|hartford (the)|hartford (the)s|Hartfords|Hartford|HIG|hartfords|Hartford (The)|$HIG|Hartford (The)s|hartford|HIGs|HARTFORD (THE)|HARTFORDS|HARTFORD (THE)S|$HIGs
HAS,HASBROS|Hasbro|hasbros|$HASs|HASBRO|hasbro|$HAS|Hasbros
HCA,hca healthcares|HCA HEALTHCARES|HCA Healthcares|HCAs|HCA|$HCAs|hca healthcare|HCA Healthcare|HCA HEALTHCARE|$HCA
DOC,healthpeak properties|$DOCs|HEALTHPEAK PROPERTIES|DOCs|DOC|Healthpeak Properties|$DOC
HSIC,henry scheins|Henry Schein|HSIC|$HSIC|HENRY SCHEIN|$HSICs|HENRY SCHEINS|HSICs|Henry Scheins|henry schein
HSY,Hershey Company (The)|hershey company (the)|hershey company (the)s|HSY|HERSHEY COMPANY (THE)S|$HSY|HERSHEYS|HSYs|HERSHEY COMPANY (THE)|hersheys|$HSYs|Hershey|hershey|HERSHEY|Hershey Company (The)s|Hersheys
HES,hess corporation|$HESs|HESS CORPORATION|$HES|Hess Corporation|hess corporations|HESS CORPORATIONS|HESS|Hess Corporations|hess|HESs|HES|Hess
HPE,Hewlett Packard Enterprise|hewlett packard enterprise|$HPE|hps|HPs|HP|hewlett packard|HEWLETT PACKARD ENTERPRISES|HEWLETT PACKARDS|Hewlett Packard Enterprises|$HPEs|HPEs|HEWLETT PACKARD ENTERPRISE|HPS|HEWLETT PACKARD|hp|hewlett packards|hewlett packard enterprises|HPE|Hewlett Packard|Hewlett Packards
HLT,$HLTs|HLTs|HILTON WORLDWIDES|HLT|Hilton Worldwides|HILTON WORLDWIDE|$HLT|hilton worldwides|Hilton Worldwide|hilton worldwide
HOLX,$HOLXs|hologics|HOLOGICS|$HOLX|HOLX|Hologics|Hologic|hologic|HOLXs|HOLOGIC
HD,home depot (the)s|Home Depot|Home Depots|HOME DEPOTS|Home Depot (The)s|HOME DEPOT (THE)|$HD|HOME DEPOT|$HDs|Home Depot (The)|home depot (the)|HOME DEPOT (THE)S|home depots|home depot
HON,honeywell|Honeywell|Honeywells|$HON|HONs|honeywells|HON|HONEYWELLS|$HONs|HONEYWELL
HRL,hormel foods|$HRLs|HRLs|HORMEL FOODS|HRL|Hormel Foods|$HRL
HST,HOST HOTELS & RESORTS|host hotels resorts|$HST|Host Hotels & Resorts|HSTs|host hotels & resorts|$HSTs|HST|HOST HOTELS RESORTS|Host Hotels Resorts
HWM,HWM|HWMs|Howmet Aerospaces|HOWMET AEROSPACES|Howmet Aerospace|$HWMs|HOWMET AEROSPACE|howmet aerospaces|howmet aerospace|$HWM
HPQ,hps|HP Inc.|HPQs|HPs|HP|$HPQs|hewlett packard|HP Inc.s|HPQ|HEWLETT PACKARDS|HP INC.|HP INC.S|$HPQ|HPS|HEWLETT PACKARD|hp|hp inc.|hewlett packards|hp inc.s|Hewlett Packard|Hewlett Packards
HUBB,HUBBELL INCORPORATEDS|hubbells|HUBBs|HUBBELL INCORPORATED|$HUBBs|HUBBELL|HUBB|Hubbell|$HUBB|Hubbell Incorporated|hubbell|hubbell incorporateds|Hubbells|hubbell incorporated|HUBBELLS|Hubbell Incorporateds
HUM,HUMANAS|HUMANA|Humanas|$HUM|Humana|HUM|humana|$HUMs|HUMs|humanas
HBAN,HBANs|Huntington Bancshares|$HBANs|$HBAN|HUNTINGTON BANCSHARES|HBAN|huntington bancshares
HII,HIIs|$HIIs|Huntington Ingalls|huntington ingalls industries|huntington ingalls|$HII|HII|Huntington Ingalls Industries|HUNTINGTON INGALLS INDUSTRIES|HUNTINGTON INGALLS
IBM,ibm|IBMs|IBM|$IBMs|IBMS|ibms|$IBM
IEX,$IEXs|IDEX|idex corporation|idex|IDEXs|IDEXS|IEXs|idex corporations|IDEX Corporation|IDEX CORPORATION|idexs|IEX|$IEX|IDEX CORPORATIONS|IDEX Corporations
IDXX,IDXX|Idexx Laboratories|idexx|idexx laboratories|idexxs|IDEXX|$IDXX|Idexxs|$IDXXs|IDEXXS|Idexx|IDEXX LABORATORIES|IDXXs
ITW,ITW|Illinois Tool Works|ILLINOIS TOOL WORKS|$ITW|$ITWs|ITWs|illinois tool works
INCY,$INCY|INCYTES|Incytes|incyte|incytes|INCYTE|INCYs|Incyte|INCY|$INCYs
IR,INGERSOLL RANDS|IR|INGERSOLL RAND|$IR|$IRs|ingersoll rand|Ingersoll Rands|ingersoll rands|Ingersoll Rand|IRs
PODD,Insulets|INSULET CORPORATION|$PODDs|INSULET CORPORATIONS|insulet|insulet corporations|Insulet Corporations|$PODD|INSULET|insulet corporation|Insulet Corporation|insulets|INSULETS|Insulet|PODD|PODDs
INTC,intel|Intels|Intel|$INTCs|INTCs|intels|INTC|INTELS|$INTC|INTEL
ICE,intercontinental exchanges|Intercontinental Exchanges|Intercontinental Exchange|INTERCONTINENTAL EXCHANGE|intercontinental exchange|$ICE|$ICEs|INTERCONTINENTAL EXCHANGES
IFF,International Flavors & Fragrances|international flavors & fragrances|$IFFs|INTERNATIONAL FLAVORS FRAGRANCES|International Flavors Fragrances|IFFs|INTERNATIONAL FLAVORS & FRAGRANCES|IFF|international flavors fragrances|$IFF
IP,$IP|International Papers|INTERNATIONAL PAPERS|international paper|International Paper|$IPs|international papers|INTERNATIONAL PAPER
IPG,Interpublic Group of Companies (The)|interpublics|interpublic group of companies (the)s|INTERPUBLIC GROUP OF COMPANIES (THE)S|Interpublic Group of Companies (The)s|Interpublics|$IPG|IPGs|interpublic|interpublic group of companies (the)|INTERPUBLIC|IPG|INTERPUBLIC GROUP OF COMPANIES (THE)|INTERPUBLICS|Interpublic|$IPGs
INTU,INTU|Intuits|intuit|$INTU|intuits|INTUs|Intuit|INTUIT|$INTUs|INTUITS
ISRG,Intuitive Surgicals|Intuitive Surgical|INTUITIVE SURGICAL|ISRG|intuitive surgicals|ISRGs|$ISRG|intuitive surgical|INTUITIVE SURGICALS|$ISRGs
IVZ,Invesco|INVESCO|Invescos|INVESCOS|IVZs|invesco|invescos|$IVZs|$IVZ|IVZ
INVH,INVHs|$INVHs|$INVH|invitation homes|INVH|INVITATION HOMES|Invitation Homes
IQV,iqvia|$IQVs|IQV|IQVs|IQVIAs|IQVIAS|$IQV|iqvias|IQVIA
IRM,iron mountains|IRMs|Iron Mountain|IRON MOUNTAINS|$IRM|iron mountain|$IRMs|IRON MOUNTAIN|IRM|Iron Mountains
JBHT,$JBHTs|J.B. Hunt|J.B. HUNTS|JB Hunts|JB HUNTS|J.B. HUNT|J.B. Hunts|JBHTs|jb hunt|$JBHT|JBHT|j.b. hunts|JB Hunt|JB HUNT|jb hunts|j.b. hunt
JBL,jabil|Jabil|JABILS|jabils|JBL|Jabils|$JBL|JBLs|$JBLs|JABIL
JKHY,$JKHYs|Jack Henry & Associates|jack henry associates|JKHY|JACK HENRY ASSOCIATES|JKHYs|jack henry & associates|$JKHY|Jack Henry Associates|JACK HENRY & ASSOCIATES
J,jacobs solutions|$J|$Js|Jacobs Solutions|JACOBS SOLUTIONS
JNJ,$JNJ|JOHNSON & JOHNSON|JNJ|Johnson & Johnson|JOHNSON & JOHNSONS|Johnson & Johnsons|$JNJs|johnson & johnsons|johnson & johnson|JNJs
JCI,$JCI|JOHNSON CONTROLS|$JCIs|JCIs|johnson controls|JCI|Johnson Controls
JPM,JPMs|JPMORGAN|JPMorgan|JPM|JPMORGAN CHASES|JPMorgan Chase|JPMorgans|JPMORGAN CHASE|jpmorgan chases|jpmorgans|JPMorgan Chases|$JPMs|jpmorgan chase|JPMORGANS|$JPM|jpmorgan
JNPR,JNPRs|$JNPRs|$JNPR|Juniper Networks|JUNIPER NETWORKS|juniper networks|JNPR
K,$Ks|KELLANOVAS|kellanova|KELLANOVA|Kellanovas|Kellanova|$K|kellanovas
KVUE,KENVUE|Kenvue|kenvue|$KVUEs|KVUEs|$KVUE|KVUE|Kenvues|KENVUES|kenvues
KDP,$KDPs|Dr Peppers|DR PEPPER|$KDP|Keurig Dr Peppers|Dr Pepper|KEURIG DR PEPPERS|keurig dr pepper|KEURIG DR PEPPER|KDPs|KDP|Keurig Dr Pepper|dr peppers|dr pepper|keurig dr peppers|DR PEPPERS
KEY,KEY|KEYCORPS|KeyCorp|keycorps|keycorp|KeyCorps|$KEY|$KEYs|KEYs|KEYCORP
KEYS,KEYSIGHTS|KEYSIGHT|keysight technologies|$KEYSs|KEYS|keysights|$KEYS|KEYSs|Keysights|Keysight|Keysight Technologies|KEYSIGHT TECHNOLOGIES|keysight
KMB,KIMBERLY-CLARKS|Kimberly-Clark|KMBs|$KMBs|kimberly-clarks|$KMB|kimberly clarks|Kimberly Clark|KIMBERLY CLARK|KIMBERLY CLARKS|KIMBERLY-CLARK|Kimberly-Clarks|KMB|Kimberly Clarks|kimberly-clark|kimberly clark
KIM,$KIMs|kimco realtys|KIM|kimco realty|Kimco Realtys|KIMs|Kimco Realty|KIMCO REALTYS|KIMCO REALTY|$KIM
KMI,Kinder Morgan|KINDER MORGANS|KINDER MORGAN|kinder morgans|$KMIs|Kinder Morgans|KMIs|kinder morgan|$KMI|KMI
KKR,kkr|KKRS|$KKR|kkrs|KKR|KKRs|$KKRs
KLAC,$KLACs|KLA CORPORATION|KLA Corporations|kla|klas|KLACs|KLA CORPORATIONS|kla corporation|KLAS|KLA|KLAs|KLAC|kla corporations|KLA Corporation|$KLAC
KHC,KRAFT HEINZS|krafts|Heinz|HEINZ|KRAFT HEINZ|$KHC|Krafts|Heinzs|KHC|Kraft Heinz|heinzs|KHCs|heinz|Kraft|kraft heinz|kraft heinzs|KRAFTS|kraft|HEINZS|$KHCs|KRAFT|Kraft Heinzs
KR,krogers|KROGER|KR|$KRs|$KR|Krogers|Kroger|kroger|KROGERS|KRs
LHX,l3harris|LHX|LHXs|$LHX|L3Harris|$LHXs|L3HARRIS
LH,$LHs|$LH|LabCorp|LABCORP|LABCORPS|labcorps|LHs|LH|LabCorps|labcorp
LRCX,lam researchs|$LRCXs|Lam Researchs|LRCXs|LAM RESEARCH|$LRCX|LAM RESEARCHS|Lam Research|lam research|LRCX
LW,Lamb Westons|$LWs|$LW|lamb westons|lamb weston|LAMB WESTON|LW|Lamb Weston|LAMB WESTONS|LWs
LVS,LAS VEGAS SANDS|LVSs|$LVSs|$LVS|Las Vegas Sands|las vegas sands|LVS
LDOS,LDOS|Leidos|leidos|LEIDOS|$LDOSs|LDOSs|$LDOS
LEN,Lennars|$LEN|LENs|LENNARS|lennar|lennars|$LENs|Lennar|LENNAR|LEN
LLY,LLY|LLYs|$LLY|$LLYs|Lilly (Eli)|lilly (eli)|LILLY (ELI)|Lilly (Eli)s|lilly (eli)s|LILLY (ELI)S
LIN,Linde|LINs|LINDE PLCS|lindes|linde plcs|Lindes|Linde plcs|LINDE|Linde plc|LINDES|linde plc|$LINs|LIN|$LIN|linde|LINDE PLC
LYV,live nation|Live Nation|live nation entertainment|$LYVs|live nation entertainments|$LYV|Live Nation Entertainment|Live Nation Entertainments|LIVE NATION ENTERTAINMENTS|LIVE NATION|LIVE NATION ENTERTAINMENT|Live Nations|LYV|LIVE NATIONS|LYVs|live nations
LKQ,$LKQs|LKQ Corporation|lkqs|$LKQ|LKQ CORPORATION|LKQ Corporations|lkq corporations|LKQ|LKQ CORPORATIONS|lkq|LKQS|lkq corporation|LKQs
LMT,LOCKHEED MARTIN|$LMTs|lockheed martins|LOCKHEED MARTINS|LMTs|Lockheed Martin|Lockheed Martins|LMT|$LMT|lockheed martin
L,$Ls|$L|loews corporation|loews corporations|LOEWS CORPORATION|Loews|LOEWS|loews|Loews Corporation|Loews Corporations|LOEWS CORPORATIONS
LOW,$LOWs|LOW|LOWs|$LOW|lowes|LOWE'S|Lowe's|Lowes|LOWES|lowe's
LULU,$LULU|lululemon|LULULEMON|LULULEMON ATHLETICA|LULULEMON ATHLETICAS|lululemons|lululemon athleticas|Lululemons|Lululemon|LULUs|Lululemon Athletica|Lululemon Athleticas|lululemon athletica|LULULEMONS|$LULUs|LULU
LYB,$LYBs|Lyondell Basell|$LYB|LyondellBasells|LYB|LYBs|LYONDELLBASELL|LYONDELL BASELLS|lyondell basells|lyondellbasell|LyondellBasell|Lyondell Basells|lyondell basell|LYONDELL BASELL|lyondellbasells|LYONDELLBASELLS
MTB,$MTB|MTBs|m&t banks|MTB|$MTBs|M&T BANKS|M&T Banks|M&T BANK|m&t bank|M&T Bank
MPC,$MPCs|marathon petroleums|MARATHON PETROLEUMS|MPC|MPCs|marathon petroleum|$MPC|Marathon Petroleum|Marathon Petroleums|MARATHON PETROLEUM
MKTX,$MKTX|$MKTXs|MKTX|MarketAxess|MARKETAXESS|MKTXs|marketaxess
MAR,Marriott International|Marriott Internationals|MARRIOTT INTERNATIONALS|MARRIOTT INTERNATIONAL|MARs|$MAR|marriott international|marriott internationals|$MARs|MAR
MMC,marsh mclennan|MARSH MCLENNANS|marsh mclennans|$MMC|$MMCs|MMCs|MMC|MARSH MCLENNAN|Marsh McLennan|Marsh McLennans
MLM,Martin Mariettas|MARTIN MARIETTAS|MARTIN MARIETTA|MLM|martin mariettas|MARTIN MARIETTA MATERIALS|Martin Marietta Materials|Martin Marietta|$MLM|$MLMs|martin marietta materials|martin marietta|MLMs
MAS,$MAS|$MASs|MASCO|Masco|Mascos|mascos|MASCOS|masco
MA,$MAs|MASTERCARD|MASTERCARDS|mastercards|Mastercard|MA|MAs|$MA|Mastercards|mastercard
MTCH,$MTCHs|Matchs|Match Group|Match Groups|MATCH GROUP|match groups|MTCH|match|MATCH|$MTCH|MTCHs|matchs|match group|Match|MATCHS|MATCH GROUPS
MKC,mccormick|MCCORMICK|MKC|$MKCs|MCCORMICK & COMPANY|MCCORMICK & COMPANYS|McCormick & Companys|McCormicks|McCormick|McCormick & Company|MCCORMICKS|mccormick & company|mccormicks|mccormick & companys|MKCs|$MKC
MCD,mcdonald's|MCDONALD'S|MCD|mcdonalds|McDonald's|$MCDs|MCDONALDS|$MCD|MCDs|McDonalds
MCK,mckessons|McKesson Corporations|McKessons|MCKs|McKesson Corporation|McKesson|MCKESSON CORPORATION|MCKESSONS|mckesson corporations|MCKESSON CORPORATIONS|MCKESSON|MCK|$MCK|mckesson corporation|$MCKs|mckesson
MDT,MEDTRONIC|$MDTs|MDTs|Medtronics|MEDTRONICS|$MDT|medtronic|MDT|medtronics|Medtronic
MRK,Merck & Cos|MERCK & COS|merck & co.s|MRK|MERCK & CO.|Merck & Co.s|Merck & Co|MERCK & CO.S|merck & co.|MERCK & CO|merck & cos|MRKs|merck & co|$MRK|$MRKs|Merck & Co.
META,FACEBOOK|$METAs|Facebook|meta|META|Meta Platforms|metas|$META|Facebooks|meta platforms|Meta|FACEBOOKS|METAs|META PLATFORMS|facebook|facebooks|Metas|METAS
MET,metlife|MET|METLIFES|MetLifes|$MET|metlifes|$METs|METs|METLIFE|MetLife
MTD,Mettler Toledos|MTD|MTDs|Mettler Toledo|mettler toledo|$MTD|mettler toledos|METTLER TOLEDOS|$MTDs|METTLER TOLEDO
MGM,MGM RESORTS|MGM Resorts|$MGMs|mgm resorts|$MGM|MGMs|MGM
MCHP,MCHP|MCHPs|$MCHP|$MCHPs|Microchip Technology|microchip technology|MICROCHIP TECHNOLOGY|Microchip Technologys|microchip technologys|MICROCHIP TECHNOLOGYS
MU,$MUs|micron technology|Micron Technologys|Microns|MU|MICRONS|micron technologys|microns|micron|MICRON TECHNOLOGYS|Micron|MUs|Micron Technology|$MU|MICRON|MICRON TECHNOLOGY
MSFT,$MSFT|Microsoft|$MSFTs|MSFT|microsofts|MSFTs|MICROSOFT|MICROSOFTS|microsoft|Microsofts
MAA,MAA|MAAs|$MAA|$MAAs|Mid-America Apartment Communities|mid-america apartment communities|MID-AMERICA APARTMENT COMMUNITIES
MRNA,Modernas|MRNAs|Moderna|MODERNAS|$MRNAs|MRNA|$MRNA|MODERNA|modernas|moderna
MHK,MHK|mohawk industries|MHKs|$MHKs|$MHK|MOHAWK INDUSTRIES|Mohawk Industries
MOH,molina healthcares|$MOHs|$MOH|molina healthcare|Molina Healthcare|Molina Healthcares|MOLINA HEALTHCARES|MOHs|MOH|MOLINA HEALTHCARE
TAP,Molson Coors Beverage Companys|molson coors beverage company|molson coors beverage companys|Molson Coors Beverage Company|TAPs|coors|MOLSON COORS BEVERAGE COMPANY|COORS|$TAPs|Coors|MOLSON COORS BEVERAGE COMPANYS|TAP|$TAP
MDLZ,$MDLZs|mondelez international|MONDELEZ INTERNATIONAL|Mondelez International|MDLZ|Mondelez Internationals|MDLZs|MONDELEZ INTERNATIONALS|mondelez internationals|$MDLZ
MPWR,MONOLITHIC POWER SYSTEMS|monolithic power systems|$MPWRs|MPWRs|$MPWR|MPWR|Monolithic Power Systems
MNST,monster beverages|Monster Energy|MONSTER ENERGY|MONSTER ENERGYS|monster beverage|$MNSTs|monster energys|monster energy|MNST|MONSTER BEVERAGE|Monster Beverages|MNSTs|Monster Beverage|Monster Energys|$MNST|MONSTER BEVERAGES
MCO,moody's corporation|moody's corporations|MOODYS|Moodys|MCOs|$MCOs|Moody's Corporations|MOODY'S CORPORATIONS|Moody's Corporation|MOODY'S CORPORATION|$MCO|MCO|moodys
MS,morgan stanleys|Morgan Stanley|MORGAN STANLEYS|$MSs|morgan stanley|$MS|MORGAN STANLEY|Morgan Stanleys
MOS,Mosaic|Mosaics|$MOSs|MOSAIC COMPANY (THE)|mosaic|mosaic company (the)s|MOSAIC|mosaic company (the)|MOSAICS|$MOS|MOSAIC COMPANY (THE)S|MOS|Mosaic Company (The)|Mosaic Company (The)s|MOSs|mosaics
MSI,$MSI|MOTOROLA SOLUTIONS|motorola solutions|$MSIs|MSI|MSIs|Motorola Solutions
MSCI,mscis|$MSCI|MSCIs|MSCIS|MSCI|$MSCIs|msci
NDAQ,"Nasdaq|NASDAQS|NASDAQ, INC.S|nasdaqs|nasdaq, inc.|NASDAQ|$NDAQs|NDAQ|Nasdaq, Inc.s|Nasdaqs|NDAQs|nasdaq, inc.s|Nasdaq, Inc.|$NDAQ|NASDAQ, INC.|nasdaq"
NTAP,NETAPP|NETAPPS|$NTAPs|NetApps|$NTAP|NTAP|netapp|netapps|NTAPs|NetApp
NFLX,NFLXs|netflixs|NETFLIXS|$NFLX|NETFLIX|netflix|Netflix|$NFLXs|Netflixs|NFLX
NEM,$NEM|newmont|NEM|Newmont|Newmonts|newmonts|NEMs|NEWMONT|NEWMONTS|$NEMs
NWSA,News Corps|news corps|NWSAs|$NWSA|news corp (class a)s|NEWS CORP|NEWS CORPS|news corp|NEWS CORP (CLASS A)S|News Corp|News Corp (Class A)|NEWS CORP (CLASS A)|news corp (class a)|NWSA|$NWSAs|News Corp (Class A)s
NWS,$NWS|News Corps|news corps|NEWS CORP|NEWS CORPS|News Corp (Class B)s|news corp (class b)|NWSs|NEWS CORP (CLASS B)|News Corp|News Corp (Class B)|$NWSs|news corp (class b)s|NEWS CORP (CLASS B)S|NWS|news corp
NEE,NEXTERA ENERGY|$NEE|nextera energy|NextEra Energys|$NEEs|NEEs|nextera energys|NEXTERA ENERGYS|NextEra Energy|NEE
NKE,"Nike|nike, inc.s|$NKE|nike, inc.|$NKEs|NIKES|NKE|Nike, Inc.|Nike, Inc.s|NIKE|nikes|NKEs|NIKE, INC.S|NIKE, INC.|Nikes|nike"
NI,NISOURCES|nisources|$NIs|nisource|NISOURCE|NiSource|$NI|NiSources
NDSN,NDSN|NORDSONS|nordson corporations|nordson corporation|Nordson|nordson|$NDSN|Nordson Corporations|NDSNs|Nordson Corporation|NORDSON|Nordsons|NORDSON CORPORATIONS|NORDSON CORPORATION|nordsons|$NDSNs
NSC,NORFOLK SOUTHERN RAILWAYS|$NSCs|Norfolk Southern Railway|$NSC|norfolk southern railways|norfolk southern railway|Norfolk Southern Railways|NORFOLK SOUTHERN RAILWAY
NTRS,$NTRS|NTRSs|Northern Trust|NORTHERN TRUST|Northern Trusts|NORTHERN TRUSTS|northern trust|$NTRSs|northern trusts|NTRS
NOC,Northrop Grummans|northrop grummans|NOCs|NORTHROP GRUMMAN|$NOCs|Northrop Grumman|NORTHROP GRUMMANS|northrop grumman|NOC|$NOC
NCLH,NCLH|Norwegian Cruise Line Holdings|NORWEGIAN CRUISE LINE HOLDINGS|norwegian cruise line holdings|NCLHs|$NCLH|$NCLHs
NRG,nrg energy|NRG Energys|NRG ENERGY|$NRGs|nrg energys|NRG Energy|NRG|NRG ENERGYS|NRGs|$NRG
NUE,NUE|NUCORS|NUEs|Nucor|Nucors|nucors|$NUEs|NUCOR|nucor|$NUE
NVDA,Nvidia|nvidia|NVDA|$NVDA|$NVDAs|nvidias|NVIDIAS|NVDAs|Nvidias|NVIDIA
NVR,"NVRs|NVR, INC.S|$NVR|NVR, Inc.s|NVRS|nvr|NVR|nvr, inc.s|NVR, Inc.|nvr, inc.|$NVRs|nvrs|NVR, INC."
NXPI,nxp semiconductors|NXP Semiconductors|NXPI|$NXPIs|NXPIs|$NXPI|NXP SEMICONDUCTORS
ORLY,o'reilly auto parts|ORLYs|OReilly Auto Parts|$ORLYs|OREILLY AUTO PARTS|oreilly auto parts|$ORLY|O'REILLY AUTO PARTS|O'Reilly Auto Parts|ORLY
OXY,OXY|Occidental Petroleum|OCCIDENTAL PETROLEUM|$OXYs|occidental petroleum|OCCIDENTAL PETROLEUMS|occidental petroleums|Occidental Petroleums|OXYs|$OXY
ODFL,$ODFLs|old dominions|ODFL|OLD DOMINION|$ODFL|ODFLs|OLD DOMINIONS|Old Dominions|Old Dominion|old dominion
OMC,Omnicom|Omnicoms|Omnicom Groups|$OMCs|omnicom groups|omnicom|omnicoms|OMC|OMNICOMS|OMNICOM|$OMC|omnicom group|OMNICOM GROUP|OMNICOM GROUPS|Omnicom Group|OMCs
ON,ON Semiconductors|$ONs|on semiconductors|on semiconductor|ON Semiconductor|ON SEMICONDUCTOR|ON SEMICONDUCTORS|$ON
OKE,oneok|ONEOK|OKE|OKEs|ONEOKs|$OKEs|ONEOKS|$OKE|oneoks
ORCL,oracles|$ORCLs|ORACLES|$ORCL|Oracle Corporation|Oracle Corporations|ORACLE CORPORATIONS|oracle|ORACLE|oracle corporations|oracle corporation|Oracle|ORACLE CORPORATION|Oracles|ORCLs|ORCL
OTIS,OTIS WORLDWIDES|otis worldwide|$OTIS|$OTISs|Otis Worldwide|OTIS|OTISs|otis worldwides|OTIS WORLDWIDE|Otis Worldwides
PCAR,Paccar|PACCAR|$PCAR|$PCARs|PACCARS|PCARs|paccar|Paccars|paccars|PCAR
PKG,PKG|PKGs|$PKG|$PKGs|Packaging Corporation of America|packaging corporation of america|PACKAGING CORPORATION OF AMERICA|Packaging Corporation of Americas|packaging corporation of americas|PACKAGING CORPORATION OF AMERICAS
PLTR,PALANTIRS|Palantirs|$PLTRs|palantir technologies|PALANTIR|PALANTIR TECHNOLOGIES|palantirs|PLTRs|$PLTR|PLTR|Palantir|Palantir Technologies|palantir
PANW,$PANWs|PANWs|$PANW|Palo Alto Networks|palo alto networks|PALO ALTO NETWORKS|PANW
PARA,PARAMOUNT GLOBALS|paramount global|paramounts|PARAs|Paramount Global|Paramount|$PARA|paramount|$PARAs|PARA|PARAMOUNTS|paramount globals|PARAMOUNT GLOBAL|Paramount Globals|PARAMOUNT|Paramounts
PH,Parker Hannifins|parker hannifins|parker hannifin|PARKER HANNIFINS|$PH|Parker Hannifin|PARKER HANNIFIN|$PHs
PAYX,$PAYXs|$PAYX|paychex|PAYCHEX|Paychex|PAYCHEXS|PAYX|PAYXs|Paychexs|paychexs
PAYC,PAYC|$PAYC|PAYCOM|PAYCs|$PAYCs|Paycom|paycom|Paycoms|PAYCOMS|paycoms
PYPL,PYPLs|paypals|PAYPALS|paypal|PAYPAL|$PYPLs|PYPL|PayPals|PayPal|$PYPL
PNR,pentair|$PNR|$PNRs|pentairs|PENTAIRS|Pentair|PENTAIR|PNR|PNRs|Pentairs
PEP,PEPSI|Pepsis|PEPSIS|pepsicos|PEPs|$PEPs|pepsis|PepsiCo|pepsico|PEP|PepsiCos|Pepsi|PEPSICO|PEPSICOS|$PEP|pepsi
PFE,$PFEs|PFE|Pfizer|PFIZER|PFEs|$PFE|pfizers|PFIZERS|pfizer|Pfizers
PCG,PG&E Corporation|pg&e|pg&e corporations|$PCG|PG&Es|PG&E CORPORATION|PCGs|pg&es|PG&ES|PG&E|PG&E CORPORATIONS|pg&e corporation|PG&E Corporations|$PCGs|PCG
PM,Philip Morris International|Philip Morris Internationals|PHILIP MORRIS INTERNATIONALS|$PMs|PHILIP MORRIS INTERNATIONAL|philip morris international|philip morris internationals|$PM
PSX,Phillips 66s|PHILLIPS 66|PHILLIPS 66S|Phillips 66|PSX|PSXs|phillips 66|$PSXs|phillips 66s|$PSX
PNW,PNW|Pinnacle West|$PNW|pinnacle wests|$PNWs|Pinnacle Wests|pinnacle west|PNWs|PINNACLE WEST|PINNACLE WESTS
PNC,PNC FINANCIAL SERVICES|PNCs|PNC Financial Services|PNC|pnc financial services|$PNCs|$PNC
POOL,POOL|POOLs|$POOL|$POOLs|Pool Corporation|pool corporation|POOL CORPORATION|Pool Corporations|pool corporations|POOL CORPORATIONS
PPG,$PPGs|PPG Industries|$PPG|ppg industries|PPG INDUSTRIES|PPGs|PPG
PPL,PPL|PPLs|$PPL|$PPLs|PPL Corporation|ppl corporation|PPL CORPORATION|PPL Corporations|ppl corporations|PPL CORPORATIONS
PFG,Principal Financial Group|PRINCIPAL FINANCIAL|principal financial groups|principal financials|$PFG|PRINCIPAL FINANCIAL GROUP|principal financial|Principal Financial Groups|PRINCIPAL FINANCIALS|Principal Financials|principal financial group|PFGs|PRINCIPAL FINANCIAL GROUPS|PFG|Principal Financial|$PFGs
PG,procter & gambles|Procter & Gamble|Procter & Gambles|$PG|procter gamble|PROCTER GAMBLE|Procter Gamble|PROCTER GAMBLES|PGs|PROCTER & GAMBLE|PROCTER & GAMBLES|PG|procter gambles|procter & gamble|$PGs|Procter Gambles
PGR,PGR|PGRs|$PGR|$PGRs|Progressive Corporation|progressive corporation|PROGRESSIVE CORPORATION|Progressive Corporations|progressive corporations|PROGRESSIVE CORPORATIONS
PLD,$PLD|PLD|$PLDs|PROLOGIS|PLDs|prologis|Prologis
PRU,Prudential Financial|prudential financial|Prudential Financials|PRU|prudential financials|$PRUs|PRUDENTIAL FINANCIAL|PRUDENTIAL FINANCIALS|$PRU|PRUs
PEG,PEG|PEGs|$PEG|$PEGs|Public Service Enterprise Group|public service enterprise group|PUBLIC SERVICE ENTERPRISE GROUP|Public Service Enterprise Groups|public service enterprise groups|PUBLIC SERVICE ENTERPRISE GROUPS
PTC,PTCs|ptc inc.s|PTC Inc.|ptc inc.|PTC INC.|PTCS|PTC INC.S|$PTC|ptc|PTC Inc.s|ptcs|$PTCs|PTC
PSA,$PSA|$PSAs|Public Storage|public storage|PUBLIC STORAGE|Public Storages|public storages|PUBLIC STORAGES
PHM,pulte|PULTEGROUP|PulteGroup|pultes|PULTE|PHM|PULTEGROUPS|pultegroups|$PHM|PulteGroups|Pultes|PULTES|PHMs|$PHMs|pultegroup|Pulte
QRVO,QRVO|QRVOs|Qorvos|qorvo|qorvos|Qorvo|QORVO|QORVOS|$QRVOs|$QRVO
PWR,QUANTAS|quanta services|QUANTA|QUANTA SERVICES|Quanta|PWR|Quanta Services|quanta|PWRs|quantas|$PWRs|Quantas|$PWR
QCOM,QUALCOMM|Qualcomms|Qualcomm|qualcomms|QUALCOMMS|$QCOM|QCOMs|$QCOMs|qualcomm|QCOM
DGX,DGX|quest diagnostics|DGXs|QUEST DIAGNOSTICS|$DGXs|$DGX|Quest Diagnostics
RL,RALPH LAUREN CORPORATIONS|RALPH LAUREN|Ralph Lauren Corporation|Ralph Lauren Corporations|RALPH LAURENS|RLs|ralph lauren|RALPH LAUREN CORPORATION|Ralph Lauren|RL|$RLs|Ralph Laurens|ralph laurens|$RL|ralph lauren corporations|ralph lauren corporation
RJF,RJFs|Raymond James Financial|$RJFs|raymond james financial|RAYMOND JAMES FINANCIAL|$RJF|Raymond James Financials|RJF|RAYMOND JAMES FINANCIALS|RAYMOND JAMES|raymond james|raymond james financials|Raymond James
RTX,RTX|RTXs|$RTX|$RTXs|RTX Corporation|rtx corporation|RTX CORPORATION|RTX Corporations|rtx corporations|RTX CORPORATIONS
O,Realty Incomes|REALTY INCOME|realty income|REALTY INCOMES|$O|realty incomes|Realty Income|$Os
REG,REGENCY CENTERS|Regency Centers|$REG|REG|$REGs|regency centers|REGs
REGN,Regeneron Pharmaceuticals|REGN|regenerons|regeneron|$REGNs|Regenerons|REGENERON|$REGN|regeneron pharmaceuticals|REGNs|REGENERON PHARMACEUTICALS|Regeneron|REGENERONS
RF,Regions Financial Corporations|Regions Financial|regions financial|regions financials|REGIONS FINANCIALS|REGIONS FINANCIAL|regions financial corporation|REGIONS FINANCIAL CORPORATIONS|Regions Financials|$RF|REGIONS FINANCIAL CORPORATION|RF|Regions Financial Corporation|RFs|$RFs|regions financial corporations
RSG,REPUBLIC SERVICES|$RSG|Republic Services|RSGs|RSG|$RSGs|republic services
RMD,ResMed|ResMeds|RESMED|RESMEDS|RMDs|RMD|resmeds|$RMD|resmed|$RMDs
RVTY,$RVTYs|RVTYs|Revvity|$RVTY|REVVITY|RVTY|Revvitys|REVVITYS|revvity|revvitys
ROK,ROCKWELL AUTOMATION|rockwell automations|$ROK|rockwell automation|$ROKs|Rockwell Automations|ROCKWELL AUTOMATIONS|Rockwell Automation
ROL,"rollins|ROLLINS|ROLLINS, INC.|ROLLINS, INC.S|rollins, inc.s|$ROL|Rollins|Rollins, Inc.|ROL|Rollins, Inc.s|$ROLs|rollins, inc.|ROLs"
ROP,$ROP|ROPER TECHNOLOGIES|ROPs|roper technologies|ROP|$ROPs|Roper Technologies
ROST,ROST|ross stores|ROSTs|$ROST|Ross Stores|$ROSTs|ROSS STORES
RCL,royal caribbeans|Royal Caribbean Groups|RCLs|ROYAL CARIBBEAN GROUP|$RCLs|royal caribbean group|ROYAL CARIBBEAN|royal caribbean|Royal Caribbean|ROYAL CARIBBEAN GROUPS|$RCL|Royal Caribbean Group|RCL|ROYAL CARIBBEANS|Royal Caribbeans|royal caribbean groups
SPGI,$SPGIs|S&P Global|S&P GLOBALS|$SPGI|SPGI|SPGIs|S&P GLOBAL|s&p globals|s&p global|S&P Globals
CRM,salesforce|$CRMs|$CRM|Salesforce|CRMs|SALESFORCES|salesforces|SALESFORCE|CRM|Salesforces
SBAC,$SBAC|SBA COMMUNICATIONS|sba communications|$SBACs|SBA Communications|SBACs|SBAC
SLB,schlumberger|$SLBs|$SLB|SCHLUMBERGERS|SCHLUMBERGER|schlumbergers|Schlumbergers|SLB|Schlumberger|SLBs
STX,STXs|$STXs|$STX|seagate technology|SEAGATE TECHNOLOGYS|STX|Seagate Technology|Seagate Technologys|seagate technologys|SEAGATE TECHNOLOGY
SRE,SEMPRA|sempra|Sempra|SRE|Sempras|sempras|SREs|$SRE|$SREs|SEMPRAS
NOW,ServiceNows|ServiceNow|$NOW|SERVICENOW|servicenows|SERVICENOWS|$NOWs|servicenow
SHW,SHERWIN-WILLIAMS|$SHW|Sherwin-Williams|SHW|Sherwin Williams|sherwin williams|sherwin-williams|SHERWIN WILLIAMS|$SHWs|SHWs
SPG,$SPG|SIMON PROPERTY|Simon Property Groups|Simon Property|simon property groups|simon property|simon propertys|$SPGs|SIMON PROPERTY GROUP|SPG|simon property group|Simon Propertys|SIMON PROPERTYS|SPGs|Simon Property Group|SIMON PROPERTY GROUPS
SWKS,SKYWORKS SOLUTIONS|Skyworks Solutions|skyworks solutions|$SWKSs|$SWKS|SWKSs|SWKS
SJM,J.M. Smucker Company (The)s|J.M. SMUCKER COMPANY (THE)|$SJMs|J.M. Smucker Company (The)|$SJM|JM SMUCKERS|J.M. SMUCKER COMPANY (THE)S|JM Smucker|jm smuckers|jm smucker|j.m. smucker company (the)s|SJMs|SJM|JM SMUCKER|j.m. smucker company (the)|JM Smuckers
SW,$SW|smurfit westrocks|SMURFIT WESTROCKS|SMURFIT WESTROCK|Smurfit WestRock|smurfit westrock|Smurfit WestRocks|$SWs
SNA,SNA|SNAs|$SNA|$SNAs|Snap-on|snap-on|SNAP-ON|Snap-ons|snap-ons|SNAP-ONS
SOLV,SOLV|solventum|solventums|SOLVENTUM|Solventum|SOLVs|$SOLV|Solventums|$SOLVs|SOLVENTUMS
SO,SO|SOs|$SO|$SOs|Southern Company|southern company|SOUTHERN COMPANY|Southern Companys|southern companys|SOUTHERN COMPANYS
LUV,$LUVs|LUVs|$LUV|southwest airlines|Southwest Airlines|SOUTHWEST AIRLINES|LUV
SWK,stanley black decker|Stanley Black & Decker|SWK|stanley black & decker|Stanley Black & Deckers|stanley black & deckers|$SWK|Stanley Black Deckers|STANLEY BLACK DECKER|STANLEY BLACK DECKERS|stanley black deckers|$SWKs|STANLEY BLACK & DECKERS|STANLEY BLACK & DECKER|Stanley Black Decker|SWKs
SBUX,starbucks|$SBUX|$SBUXs|SBUXs|STARBUCKS|SBUX|Starbucks
STT,STATE STREET CORPORATIONS|State Streets|STATE STREETS|$STTs|$STT|State Street Corporation|STATE STREET CORPORATION|state street corporations|STT|State Street Corporations|State Street|state street|STATE STREET|state streets|STTs|state street corporation
STLD,STEEL DYNAMICS|steel dynamics|$STLD|Steel Dynamics|STLD|STLDs|$STLDs
STE,$STEs|STERIS|STEs|Steris|$STE|STE|steris
SYK,Strykers|stryker corporations|Stryker|STRYKER CORPORATIONS|strykers|$SYK|Stryker Corporations|Stryker Corporation|STRYKERS|stryker|STRYKER|STRYKER CORPORATION|SYKs|SYK|stryker corporation|$SYKs
SMCI,$SMCIs|supermicros|supermicro|$SMCI|SMCIs|Supermicros|SMCI|SUPERMICRO|Supermicro|SUPERMICROS
SYF,SYF|synchrony financial|SYFs|synchrony financials|SYNCHRONY FINANCIAL|Synchrony Financials|SYNCHRONY FINANCIALS|$SYFs|$SYF|Synchrony Financial
SNPS,SNPSs|SYNOPSYS|SNPS|Synopsys|synopsys|$SNPS|$SNPSs
SYY,SYSCOS|sysco|syscos|$SYYs|SYY|$SYY|Sysco|Syscos|SYYs|SYSCO
TMUS,TMUS|T-Mobile US|t-mobile us|T-Mobile USs|t-mobile uss|T MOBILE|T MOBILES|$TMUSs|$TMUS|T-MOBILE USS|T Mobile|t mobile|T Mobiles|t mobiles|TMUSs|T-MOBILE US
TROW,t. rowe prices|$TROW|T. ROWE PRICE|T. ROWE PRICES|t. rowe price|TROWs|T. Rowe Prices|T. Rowe Price|TROW|$TROWs
TTWO,TAKE-TWO INTERACTIVE|TTWO|Take-Two Interactives|Take Two|TAKE TWOS|TAKE-TWO INTERACTIVES|take-two interactive|take twos|Take-Two Interactive|$TTWOs|TAKE TWO|TTWOs|take two|Take Twos|$TTWO|take-two interactives
TPR,"$TPRs|Tapestrys|TAPESTRY, INC.S|tapestry, inc.s|TAPESTRYS|TPR|tapestry|Tapestry, Inc.s|Tapestry, Inc.|Tapestry|tapestry, inc.|tapestrys|TAPESTRY, INC.|$TPR|TAPESTRY|TPRs"
TRGP,$TRGPs|Targa Resources|$TRGP|TARGA RESOURCES|targa resources|TRGPs|TRGP
TGT,TGT|Target Corporations|TGTs|TARGET|target corporations|target|targets|TARGETS|TARGET CORPORATION|TARGET CORPORATIONS|Target|Targets|target corporation|$TGT|Target Corporation|$TGTs
TEL,TEL|TELs|TE CONNECTIVITYS|te connectivitys|TE CONNECTIVITY|$TEL|te connectivity|TE Connectivity|$TELs|TE Connectivitys
TDY,TDY|TELEDYNE TECHNOLOGIES|$TDYs|teledyne technologies|TDYs|$TDY|Teledyne Technologies
TFX,teleflexs|$TFX|TFXs|teleflex|Teleflexs|$TFXs|TFX|Teleflex|TELEFLEX|TELEFLEXS
TER,TERADYNE|Teradynes|TERs|teradyne|$TERs|$TER|TER|teradynes|Teradyne|TERADYNES
TSLA,"tesla|TESLAS|TSLA|$TSLAs|Tesla|TESLA, INC.|Tesla, Inc.s|Tesla, Inc.|TESLA|tesla, inc.|TESLA, INC.S|tesla, inc.s|Teslas|$TSLA|teslas|TSLAs"
TXN,texas instruments|TXNs|Texas Instruments|$TXNs|TXN|TEXAS INSTRUMENTS|$TXN
TPL,texas pacific land corporation|texas pacific land corporations|TPL|texas pacific land|TEXAS PACIFIC LANDS|Texas Pacific Lands|TEXAS PACIFIC LAND CORPORATION|Texas Pacific Land Corporation|Texas Pacific Land|Texas Pacific Land Corporations|TPLs|TEXAS PACIFIC LAND|$TPL|$TPLs|texas pacific lands|TEXAS PACIFIC LAND CORPORATIONS
TXT,TXT|TXTs|$TXT|Textrons|textrons|$TXTs|textron|TEXTRONS|TEXTRON|Textron
TMO,$TMO|Thermo Fisher Scientifics|THERMO FISHER SCIENTIFIC|TMO|$TMOs|thermo fisher scientifics|thermo fisher scientific|THERMO FISHER SCIENTIFICS|TMOs|Thermo Fisher Scientific
TJX,tjx companies|tjx|TJX|TJXs|TJX Companies|$TJXs|tjxs|TJX COMPANIES|TJXS|$TJX
TSCO,tractor supply|Tractor Supplys|TRACTOR SUPPLYS|Tractor Supply|$TSCOs|TSCO|TRACTOR SUPPLY|tractor supplys|$TSCO|TSCOs
TT,$TTs|Trane Technologies|TTs|trane technologies|$TT|TT|TRANE TECHNOLOGIES
TDG,transdigm group|TransDigm Groups|transdigm|TRANSDIGM GROUP|transdigms|TransDigm Group|TransDigm|TRANSDIGM|TRANSDIGMS|$TDGs|TDG|transdigm groups|TransDigms|$TDG|TDGs|TRANSDIGM GROUPS
TRV,TRAVELERS COMPANIES (THE)|TRVs|TRV|Travelers Companies (The)|$TRV|travelers companies (the)|Travelers|Travelers Companies (The)s|$TRVs|TRAVELERS COMPANIES (THE)S|TRAVELERS|travelers companies (the)s|travelers
TRMB,trimbles|$TRMBs|Trimbles|TRIMBLE INC.|Trimble Inc.|TRIMBLE INC.S|$TRMB|TRMBs|Trimble|trimble inc.s|Trimble Inc.s|TRIMBLE|trimble inc.|trimble|TRIMBLES|TRMB
TFC,TRUIST FINANCIALS|TFC|Truist Financial|$TFC|TRUIST FINANCIAL|truist financial|truist financials|$TFCs|Truist Financials|TFCs
TYL,$TYLs|Tyler Technologies|TYLER TECHNOLOGIES|$TYL|TYLs|TYL|tyler technologies
TSN,tyson foods|$TSNs|TSN|Tyson Foods|TYSON FOODS|$TSN|TSNs
USB,$USBs|$USB|u.s. bancorps|U.S. BANCORPS|U.S. Bancorp|u.s. bancorp|U.S. BANCORP|U.S. Bancorps
UBER,ubers|$UBER|uber|$UBERs|UBERs|UBER|Uber|UBERS|Ubers
UDR,"UDR, Inc.s|UDRs|udr, inc.|UDR, INC.|udr, inc.s|UDR|UDR, Inc.|udr|UDR, INC.S|UDRS|udrs|$UDRs|$UDR"
ULTA,ULTA BEAUTYS|ulta beautys|$ULTA|Ulta Beauty|$ULTAs|ULTAs|ULTA BEAUTY|ULTA|ulta beauty|Ulta Beautys
UNP,UNION PACIFIC|union pacific corporations|UNP|Union Pacific|union pacifics|union pacific|Union Pacific Corporation|Union Pacific Corporations|$UNP|UNION PACIFIC CORPORATIONS|UNION PACIFIC CORPORATION|UNION PACIFICS|$UNPs|union pacific corporation|UNPs|Union Pacifics
UAL,UAL|United Airlines Holdings|united airlines holdings|UALs|$UALs|$UAL|UNITED AIRLINES HOLDINGS
UPS,$UPS|United Parcel Service|$UPSs|UNITED PARCEL SERVICE|united parcel service|UPS|United Parcel Services|UPSs|UNITED PARCEL SERVICES|united parcel services
URI,United Rentals|UNITED RENTALS|$URIs|URIs|united rentals|URI|$URI
UNH,unitedhealth|UNITEDHEALTH|unitedhealth group|UNH|$UNH|$UNHs|UNITEDHEALTH GROUP|UnitedHealth Groups|UnitedHealth Group|UnitedHealths|unitedhealth groups|unitedhealths|UNITEDHEALTHS|UnitedHealth|UNITEDHEALTH GROUPS|UNHs
UHS,UHS|$UHS|$UHSs|universal health services|UHSs|UNIVERSAL HEALTH SERVICES|Universal Health Services
VLO,valero energy|VLO|VLOs|Valero Energy|valero energys|VALERO ENERGY|$VLOs|$VLO|Valero Energys|VALERO ENERGYS
VTR,$VTRs|Ventas|VTR|VTRs|VENTAS|$VTR|ventas
VLTO,veralto|VERALTOS|Veraltos|$VLTOs|VLTOs|Veralto|$VLTO|VERALTO|veraltos|VLTO
VRSN,Verisign|verisign|Verisigns|VRSNs|VERISIGN|$VRSNs|VRSN|VERISIGNS|verisigns|$VRSN
VRSK,VRSK|verisk analytics|VERISK ANALYTICS|Verisk Analytics|$VRSKs|$VRSK|VRSKs
VZ,VZ|$VZ|VZs|$VZs|verizon|verizons|Verizons|VERIZONS|VERIZON|Verizon
VRTX,$VRTX|VERTEX PHARMACEUTICALS|$VRTXs|vertex pharmaceuticals|Vertex Pharmaceuticals|VRTXs|VRTX
VTRS,VTRSs|$VTRS|$VTRSs|viatris|Viatris|VIATRIS|VTRS
VICI,Vici Properties|VICIs|$VICI|vici properties|VICI|$VICIs|VICI PROPERTIES
V,visas|Visa Inc.s|VISAS|VISA INC.S|Visa Inc.|Visa|Visas|VISA|visa inc.s|visa inc.|$Vs|visa|VISA INC.|$V
VST,Vistras|VISTRA|Vistra Corp.|vistra corp.|VISTRA CORP.|VST|vistra corp.s|VISTRA CORP.S|Vistra|$VST|$VSTs|VISTRAS|Vistra Corp.s|vistras|vistra|VSTs
VMC,$VMCs|Vulcan Materials Companys|VULCAN MATERIALS COMPANY|$VMC|Vulcan Materials|VMCs|vulcan materials companys|vulcan materials company|vulcan materials|Vulcan Materials Company|VMC|VULCAN MATERIALS|VULCAN MATERIALS COMPANYS
WRB,W. R. BERKLEY CORPORATION|W. R. Berkley Corporation|$WRBs|$WRB|WRBs|w. r. berkley corporation|w r berkley|W R Berkleys|W R BERKLEYS|W R Berkley|WRB|w. r. berkley corporations|W R BERKLEY|W. R. BERKLEY CORPORATIONS|w r berkleys|W. R. Berkley Corporations
GWW,$GWWs|W W GRAINGER|W. W. GRAINGER|W W Grainger|w w graingers|GWW|$GWW|W. W. Graingers|w. w. graingers|W. W. GRAINGERS|W. W. Grainger|GWWs|w. w. grainger|W W Graingers|W W GRAINGERS|w w grainger
WAB,WABTECS|$WAB|WABTEC|Wabtecs|WABs|wabtecs|wabtec|$WABs|WAB|Wabtec
WBA,Walgreens Boots Alliance|Walgreens Boots Alliances|$WBAs|WBAs|walgreens boots alliance|WALGREENS BOOTS ALLIANCES|WALGREENS BOOTS ALLIANCE|walgreens boots alliances|WBA|$WBA
WMT,walmart|WMTs|walmarts|WALMART|Walmarts|WALMARTS|WMT|Walmart|$WMTs|$WMT
DIS,$DIS|Walt Disney Company (The)|WALT DISNEY COMPANY (THE)|disney|DIS|Disneys|disneys|DISNEY|Walt Disney Company (The)s|walt disney company (the)s|DISNEYS|WALT DISNEY COMPANY (THE)S|Disney|walt disney company (the)|$DISs|DISs
WBD,WARNER|warners|WBDs|Discoverys|WARNER BROS. DISCOVERYS|$WBDs|WARNER BROS. DISCOVERY|WARNERS|warner|Warners|$WBD|Warner|DISCOVERYS|Warner Bros. Discovery|DISCOVERY|Warner Bros. Discoverys|discovery|warner bros. discovery|discoverys|warner bros. discoverys|Discovery|WBD
WM,WM|WMs|$WM|$WMs|Waste Management|waste management|WASTE MANAGEMENT|Waste Managements|waste managements|WASTE MANAGEMENTS
WAT,WAT|WATs|$WAT|$WATs|Waters Corporation|waters corporation|WATERS CORPORATION|Waters Corporations|waters corporations|WATERS CORPORATIONS
WEC,WEC ENERGY|WEC ENERGY GROUP|WEC Energy Group|WEC|wec energy|wec energy group|wec energys|WEC ENERGYS|WECs|WEC Energy|WEC Energy Groups|WEC ENERGY GROUPS|WEC Energys|$WEC|wec energy groups|$WECs
WFC,WFCs|WELLS FARGOS|WFC|Wells Fargos|WELLS FARGO|Wells Fargo|wells fargos|wells fargo|$WFC|$WFCs
WELL,Welltowers|WELLs|WELLTOWER|WELL|Welltower|welltower|WELLTOWERS|$WELLs|welltowers|$WELL
WST,WST|WEST PHARMACEUTICAL SERVICES|West Pharmaceutical Services|$WSTs|WSTs|$WST|west pharmaceutical services
WDC,WESTERN DIGITALS|WDCs|Western Digital|western digital|WDC|$WDCs|western digitals|Western Digitals|$WDC|WESTERN DIGITAL
WY,Weyerhaeuser|$WY|WEYERHAEUSER|WEYERHAEUSERS|weyerhaeusers|weyerhaeuser|WYs|WY|Weyerhaeusers|$WYs
WMB,WMB|WMBs|$WMB|$WMBs|Williams Companies|williams companies|WILLIAMS COMPANIES
WTW,WILLIS TOWERS WATSONS|willis towers watsons|Willis Towers Watsons|Willis Towers Watson|$WTWs|WTW|willis towers watson|WILLIS TOWERS WATSON|WTWs|$WTW
WYNN,WYNN|$WYNNs|$WYNN|WYNNs|wynn resorts|Wynn Resorts|WYNN RESORTS
XEL,xcel energy|xcel energys|XELs|XCEL ENERGY|Xcel Energy|$XEL|XEL|$XELs|Xcel Energys|XCEL ENERGYS
XYL,XYLs|XYLEM|xylems|xylem inc.|XYLEM INC.S|Xylems|$XYL|xylem inc.s|XYL|xylem|XYLEM INC.|Xylem Inc.s|Xylem Inc.|XYLEMS|$XYLs|Xylem
YUM,YUM|YUMs|$YUM|$YUMs|Yum! Brands|yum! brands|YUM! BRANDS
ZBRA,zebra technologies|ZEBRA TECHNOLOGIES|$ZBRA|ZBRAs|$ZBRAs|ZBRA|Zebra Technologies
ZBH,$ZBHs|ZBHs|ZBH|zimmer biomets|ZIMMER BIOMET|ZIMMER BIOMETS|Zimmer Biomet|Zimmer Biomets|$ZBH|zimmer biomet
ZTS,ZTSs|$ZTS|Zoetis|ZOETIS|$ZTSs|zoetis|ZTS
GME,GameStop Corporations|GAMESTOP|gamestop corporation|GME|GAMESTOPS|gamestop corporations|GameStop Corporation|gamestops|GameStops|GAMESTOP CORPORATIONS|GMEs|$GMEs|gamestop|GAMESTOP CORPORATION|$GME|GameStop
